bvl_general,bvl_selectivo,bvl_financiero,bvl_industrial,bvl_mineria,bvl_servicios,tc_pen_usd,tasa_ref,cobre_lme,petroleo_wti,oro_lme,pbi_indice,exp_inflacion_12m,exp_pbi_12m,exp_tc_12m,exp_emp_economia_3m,exp_emp_sector_3m,icen,sp500,vix,ret_bvl_general,ret_bvl_selectivo,ret_bvl_financiero,ret_bvl_industrial,ret_bvl_mineria,ret_bvl_servicios,ret_tc_pen_usd,ret_cobre_lme,ret_petroleo_wti,ret_oro_lme,ret_pbi_indice,ret_sp500,d_tasa_ref,d_exp_inflacion_12m,d_exp_pbi_12m,d_exp_tc_12m,d_exp_emp_economia_3m,d_exp_emp_sector_3m,icen_calido,icen_frio,dummy_nino,dummy_covid,year,month,date_str,stata_tm
13669.78,19009.17,,,,,3.005525,3.25,265.576788929357,47.5290909090909,1249.45454545455,138.204498202026,2.50416666666667,4.08333333333333,3.145,54.2319749216301,55.7993730407524,-0.06,1994.989990234375,20.969999313354492,,,,,,,,,,,,,,,,,,,0.0,-0.06,0,0,2015,1,2015-01,660
13397.42,18609.12,,,,,3.078525,3.25,259.875545138655,50.688,1227.1875,137.477202190862,2.5,4.075,3.20166666666667,50.1577287066246,54.0752351097179,-0.18,2104.5,13.34000015258789,-2.012540586490985,-2.1269711185263773,,,,,2.3998324628226264,-2.170117883260847,6.434723242493501,-1.798212665334109,-0.5276358187364494,5.343887632562794,0.0,-0.0041666666666699825,-0.008333333333330195,0.056666666666670196,-4.074246215005495,-1.7241379310344982,0.0,-0.18,0,0,2015,2,2015-02,661
12461.81,17359.01,,,,,3.09168181818182,3.25,269.418922519685,47.8236363636364,1178.62954545455,148.34699289631,2.7125,3.825,3.21875,49.388379204893,54.1033434650456,0.2,2067.889892578125,15.289999961853027,-7.2393383448842386,-6.954010317466697,,,,,0.4264634398774447,3.60646571319716,-5.8169194316865624,-4.037260441990753,7.609597508816712,-1.7549197433963215,0.0,0.2124999999999999,-0.25,0.017083333333329787,-0.7693495017316039,0.028108355327695733,0.2,0.0,0,0,2015,3,2015-03,662
13366.86,18732.83,,,,,3.1199525,3.25,273.904332568387,54.2109090909091,1197.96363636364,152.057063495299,2.83333333333333,3.4,3.24833333333333,46.7422096317281,52.1428571428572,0.88,2085.510009765625,14.550000190734863,7.010974172331075,7.616591958687735,,,,,0.9102556773526116,1.6511393206737779,12.536216105748288,1.6270784242627734,2.470179192709754,0.8484722544634948,0.0,0.12083333333333002,-0.42500000000000027,0.029583333333329964,-2.6461695731648973,-1.9604863221883946,0.88,0.0,0,0,2015,4,2015-04,663
13180.61,19151.2,677.19,192.45,218.61,448.12,3.15045,3.25,285.478620716135,59.2466666666667,1198.19285714286,150.170961516218,2.81666666666667,3.5,3.27083333333333,45.0704225352113,50.5665722379603,1.6,2107.389892578125,13.84000015258789,-1.403169913101543,2.208777730560385,,,,,0.9727522430764024,4.138824842554545,8.882735670964204,0.019132371407248883,-1.2481479603655643,1.0436729675337375,0.0,-0.016666666666659946,0.10000000000000009,0.022499999999999964,-1.6717870965168018,-1.5762849048969017,1.6,0.0,1,0,2015,5,2015-05,664
13113.17,19285.77,672.81,188.5,216.23,450.72,3.16123809523809,3.25,264.580947488988,59.8195454545454,1181.50454545455,150.586503927201,2.9,3.65,3.31,50.625,53.2710280373832,2.1,2063.110107421875,18.229999542236328,-0.5129741549978917,0.7002141419054198,-0.6488911657289265,-2.0738372841689667,-1.0946664364497316,0.5785250437540412,0.34184533775916126,-7.601989850219404,0.9622934977476127,-1.4025804499927297,0.27633074696193916,-2.123555887175854,0.0,0.08333333333332993,0.1499999999999999,0.039166666666670125,5.5545774647887,2.7044557994229024,2.1,0.0,1,0,2015,6,2015-06,665
11987.88,17690.57,644.99,173.91,189.16,453.33,3.18125,3.25,247.514018952722,51.1630434782609,1130.03695652174,153.258350980469,3.03333333333333,3.5625,3.30833333333333,46.7191601049869,50.78125,2.13,2103.840087890625,12.119999885559082,-8.972092930491193,-8.633578902112227,-4.222815900669019,-8.056008286831418,-13.374943821012852,0.5774032965716103,0.6310448161815252,-6.6680021495825414,-15.631499026759332,-4.453832775110467,1.7587369870398994,1.954968299001969,0.0,0.1333333333333302,-0.08749999999999991,-0.0016666666666700358,-3.905839895013102,-2.4897780373832035,2.13,0.0,1,0,2015,7,2015-07,666
10340.55,14895.62,549.03,146.38,174.63,392.12,3.23835714285714,3.25,232.61296945963,42.8676190476191,1118.30952380952,149.484690625058,3.13333333333333,3.43333333333333,3.41666666666667,42.2222222222222,48.0392156862745,2.15,1972.1800537109375,28.43000030517578,-14.782308023927904,-17.196451924147027,-16.108172797431664,-17.233194384666994,-7.992376782392174,-14.505242170025312,1.7791945218126992,-6.209122546789203,-17.690072417844462,-1.0432145732283793,-2.49310821219213,-6.462473099312405,0.0,0.10000000000000009,-0.12916666666666998,0.10833333333334005,-4.496937882764698,-2.7420343137254974,2.15,0.0,1,0,2015,8,2015-08,667
10030.57,13981.69,535.34,137.97,164.74,385.04,3.21861363636364,3.5,236.65048158356,45.5040909090909,1124.53181818182,152.000860825852,3.35,3.2125,3.40125,43.2225063938619,48.0916030534351,2.02,1920.030029296875,24.5,-3.0435629284454535,-6.3318593524416045,-2.5251025764120527,-5.916970995313964,-5.830097643865084,-1.8220690398671913,-0.6115427403940332,1.7208294183646444,5.968549183148664,0.5548596077277423,1.6692200416869696,-2.6798730963463413,0.25,0.2166666666666699,-0.2208333333333301,-0.015416666666669965,1.0002841716396986,0.05238736716059833,2.02,0.0,1,0,2015,9,2015-09,668
10545.69,14209.3,571.97,144.88,177.56,375.65,3.248375,3.5,236.597906103789,46.2236363636364,1159.24545454545,155.730682873871,3.33333333333333,3.29166666666667,3.42666666666667,44.9720670391061,49.3055555555556,2.23,2079.360107421875,15.069999694824219,5.007981577437093,1.614806333107488,6.618448339074945,4.886954335521576,7.494010645273175,-2.4689366179684313,0.9204152169081103,-0.02221897902039416,1.5689044857495116,3.0402535830349464,2.4241939325428064,7.971937954339925,0.0,-0.01666666666667016,0.07916666666667016,0.02541666666666975,1.7495606452442019,1.2139525021204989,2.23,0.0,1,0,2015,10,2015-10,669
10226.89,13614.65,556.59,135.57,164.17,411.69,3.33664285714286,3.5,217.720019830367,42.3852380952381,1085.70238095238,153.424811928952,3.29583333333333,3.30416666666667,3.49166666666667,44.8126801152738,49.1428571428572,2.21,2080.409912109375,16.1299991607666,-3.069671972129129,-4.275026095747947,-2.725765974503336,-6.641770148385984,-7.840610365940748,9.161278013448193,2.6810297612176015,-8.315217691543797,-8.669113337701795,-6.554218998671946,-1.4917501026719293,0.05047417068047011,0.0,-0.03750000000000009,0.012499999999999734,0.06499999999999995,-0.1593869238323009,-0.16269841269839702,2.21,0.0,1,0,2015,11,2015-11,670
9848.59,12901.7,517.6,139.59,163.41,398.83,3.38266666666667,3.75,210.617730533857,37.2073913043478,1068.46739130435,170.392438282989,3.45,3.1,3.525,44.5983379501385,47.6648351648352,2.06,2043.93994140625,18.209999084472656,-3.7692228194316613,-5.378733322366536,-7.26261395202048,2.922144243336877,-0.4640096242733982,-3.1735378014246862,1.3699184156787059,-3.316513792279707,-13.029271096586736,-1.600185615221772,10.48936146800985,-1.7685658390257153,0.25,0.15416666666667034,-0.20416666666666972,0.033333333333330106,-0.21434216513529947,-1.4780219780219994,2.06,0.0,1,0,2015,12,2015-12,671
9391.84,12147.26,528.82,121.83,160.05,355.67,3.437325,4.0,203.34222154071,31.8361904761905,1095.70238095238,143.098357202023,3.44458333333333,3.26666666666667,3.62,42.5141242937853,47.8932584269663,1.75,1940.239990234375,20.200000762939453,-4.748707056383417,-6.025545567968571,2.144536611817305,-13.608292415834988,-2.0776113647820615,-11.453192627445041,1.6029199536942151,-3.5154406685991013,-15.590372454999635,2.5170324311096337,-17.45720307102321,-5.206761730549658,0.25,-0.005416666666670178,0.16666666666667007,0.0950000000000002,-2.0842136563531994,0.22842326213109487,1.75,0.0,1,0,2016,1,2016-01,672
10742.19,14782.36,626.95,139.41,167.48,373.78,3.50590476190476,4.25,208.589853320883,30.2752380952381,1199.9119047619,146.309196635533,3.43333333333333,3.375,3.65833333333333,46.6759002770083,50.4178272980501,1.45,1932.22998046875,20.549999237060547,13.433775174279816,19.633094805906026,17.0218683331683,13.479260139868021,4.5377674735070705,4.966405438120258,1.975506920726322,2.547951954618277,-5.02735541440833,9.085253997723974,2.2189961110486323,-0.41369055149926837,0.25,-0.011249999999999982,0.10833333333332984,0.03833333333333,4.161775983223002,2.524568871083801,1.45,0.0,1,0,2016,2,2016-02,673
12057.93,17777.66,651.87,169.78,194.07,427.31,3.40738095238095,4.25,224.791999201646,37.8173913043478,1244.1347826087,153.61243192688,3.35,3.625,3.60875,46.398891966759,50.828729281768,1.05,2059.739990234375,13.949999809265137,11.554355586755527,18.45080348655337,3.8978362906906483,19.708424954482506,14.73549775730607,13.38423560955082,-2.8504674773716765,7.480562706080018,22.243893040871264,3.619219319574629,4.871058692503105,6.390499028682939,0.0,-0.08333333333332993,0.25,-0.04958333333332998,-0.2770083102493004,0.4109019837178991,1.05,0.0,1,0,2016,3,2016-03,674
13702.47,20818.27,728.6,222.74,215.75,439.72,3.30154761904762,4.25,221.023684291275,40.9580952380952,1242.26190476191,156.263690478061,3.28333333333333,3.68333333333333,3.52833333333333,54.1666666666667,55.0847457627119,0.77,2065.300048828125,15.699999809265137,12.785357377838302,15.788835367909648,11.127972903100947,27.150169065513197,10.590141123953334,2.8628415572998556,-3.155261303263046,-1.6905662131767585,7.978039243937651,-0.15064999165401716,1.7112149375470231,0.2695761451154688,0.0,-0.06666666666666998,0.05833333333333002,-0.08041666666666991,7.767774699907697,4.256016480943899,0.77,0.0,0,0,2016,4,2016-04,675
13535.97,20389.17,736.38,214.33,200.66,439.42,3.33372727272727,4.25,213.75592192679,46.8327272727273,1258.62954545455,157.48954903612,3.24166666666667,3.80833333333333,3.5125,53.4435261707989,53.2608695652174,0.51,2096.949951171875,14.1899995803833,-1.2225522004884581,-2.08270890254596,1.0621405263008477,-3.848828861591258,-7.250839646607066,-0.06824851824394074,0.9699645154411352,-3.3435052160643686,13.40327825523353,1.3089632011892505,0.7814196900077341,1.520836681052451,0.0,-0.0416666666666603,0.125,-0.015833333333330035,-0.7231404958678027,-1.8238761974944993,0.51,0.0,0,0,2016,5,2016-05,676
13856.9,20368.13,772.62,212.03,206.17,427.72,3.31657142857143,4.25,210.556033903078,48.7572727272727,1276.40454545455,155.975301304685,3.1625,3.8375,3.5075,54.3478260869565,56.0171919770774,0.42,2098.860107421875,15.630000114440918,2.3432716971941048,-0.10324531737371245,4.804104667627573,-1.0789109254582208,2.70891376850102,-2.698689963976797,-0.5159432074677062,-1.5083000340824881,4.027211124009167,1.402370987592505,-0.9661430993005204,0.09105066031533937,0.0,-0.07916666666666972,0.029166666666669894,-0.0050000000000003375,0.9042999161576049,2.7563224118600047,0.42,0.0,0,0,2016,6,2016-06,677
15210.97,22813.25,828.26,230.1,222.36,459.46,3.29873684210526,4.25,220.668370264587,44.8595238095238,1337.32619047619,158.745901849584,3.01458333333333,4.03333333333333,3.46625,60.9756097560976,58.1989247311828,0.34,2173.60009765625,11.869999885559082,9.323357454944592,11.337008315904917,6.95397782426328,8.178622294686111,7.559661890279212,7.158311097556869,-0.5391927010798492,4.69091754584392,-8.331845646560465,4.662506373009911,1.7607152574005802,3.4990432691053286,0.0,-0.14791666666667025,0.19583333333332975,-0.04124999999999979,6.627783669141095,2.181732754105397,0.34,0.0,0,0,2016,7,2016-07,678
15130.24,22991.74,810.98,239.93,216.17,495.57,3.33304545454545,4.25,215.239935437002,44.724347826087,1340.11739130435,158.115555861394,2.76666666666667,4.05,3.44333333333333,61.9760479041916,59.1445427728614,0.35,2170.949951171875,13.420000076293945,-0.5321487871499997,0.7793513476977765,-2.1083721857506177,4.183321709100962,-2.8232554915307517,7.565672837113446,1.0346816884296839,-2.4907602808368345,-0.30178665771396496,0.2084975278877188,-0.3978690398469986,-0.12199867803515119,0.0,-0.24791666666665968,0.01666666666667016,-0.02291666666667025,1.0004381480940054,0.9456180416785998,0.35,0.0,0,0,2016,8,2016-08,679
15296.98,23145.44,796.54,238.46,226.54,489.78,3.38229545454546,4.25,214.195597262522,45.1640909090909,1326.02954545455,158.854564848149,2.6625,4.1,3.47125,62.3475609756098,59.3373493975904,0.36,2168.27001953125,13.289999961853027,1.0960033095127386,0.6662763896386537,-1.7966045098501304,-0.6145632754344099,4.68563946026066,-1.1752304543839465,1.466817059520742,-0.4863781190554306,0.9784274759044198,-1.0568042421323476,0.4662965229265126,-0.12352137017535014,0.0,-0.10416666666667007,0.04999999999999982,0.027916666666670142,0.37151307141819956,0.1928066247290019,0.36,0.0,0,0,2016,9,2016-09,680
15171.04,23034.54,774.34,238.16,230.34,474.84,3.38595238095238,4.25,214.60643217401,49.8457142857143,1266.56904761905,159.126757232709,2.71,4.1375,3.46833333333333,60.8150470219436,59.1614906832298,0.31,2126.14990234375,17.059999465942383,-0.8267075922567813,-0.48029563109501794,-2.826629417852722,-0.12588646704649875,1.6634948468193578,-3.0978405505986295,0.10806125460114391,0.19161991268425993,9.863019832721376,-4.587746573017615,0.17120027633117374,-1.9616837043472835,0.0,0.047499999999999876,0.03750000000000053,-0.002916666666669787,-1.5325139536662036,-0.17585871436060074,0.31,0.0,0,0,2016,10,2016-10,681
15414.97,23203.55,821.05,216.93,251.83,433.8,3.40289473684211,4.25,247.250110662107,45.7090909090909,1235.97954545455,158.822599181097,2.90833333333333,4.15,3.495,58.3577712609971,57.8796561604585,0.25,2198.81005859375,13.329999923706055,1.595076780807858,0.7310455630674895,5.8572955316000375,-9.33679958525504,8.919777844895016,-9.039430679255922,0.49912424801394906,14.159461547515306,-8.66353165919831,-2.4447897511623573,-0.19132490018165527,3.360354504443386,0.0,0.19833333333333014,0.012500000000000178,0.026666666666669947,-2.4572757609465015,-1.2818345227712982,0.25,0.0,0,0,2016,11,2016-11,682
15566.96,23578.41,816.16,221.09,248.36,483.83,3.39535714285714,4.25,255.905477880885,51.9722727272727,1148.97045454545,176.321093387719,2.9,4.0,3.505,57.2625698324022,57.1030640668524,0.47,2238.830078125,14.039999961853027,0.9811604332405466,1.6026178602572827,-0.5973594763229784,1.899513758215754,-1.3874950193019764,10.91500069553355,-0.22175103856414413,3.440773119624918,12.841315566986466,-7.299752543722526,10.451887618957212,1.8037111299278763,0.0,-0.008333333333330195,-0.15000000000000036,0.009999999999999787,-1.0952014285948977,-0.776592093606105,0.47,0.0,0,0,2016,12,2016-12,683
15983.95,23903.97,818.86,198.81,282.94,472.66,3.34,4.25,260.545003665625,52.5540909090909,1191.09318181818,150.276432717465,2.90208333333333,3.81666666666667,3.42916666666667,56.6765578635015,56.9321533923304,0.89,2278.8701171875,11.989999771118164,2.643437426089257,1.3713091119265997,0.3302714895577097,-10.62202636688827,13.035555453409664,-2.3357291395969426,-1.6438145207125388,1.7967455794838827,1.1132582642409794,3.6005241138779454,-15.983024425011827,1.772631462106311,0.0,0.0020833333333301063,-0.18333333333333002,-0.07583333333333009,-0.5860119689006993,-0.17091067452199837,0.89,0.0,0,0,2017,1,2017-01,684
15766.12,23537.18,825.66,180.9,275.24,459.42,3.259825,4.25,269.475258083762,53.4655,1234.3575,147.461285670951,2.90833333333333,3.56666666666667,3.39583333333333,54.6178343949045,56.6770186335404,1.29,2363.639892578125,12.920000076293945,-1.3721759848937864,-1.5463255365292028,0.8269937435051666,-9.440520236699523,-2.759141669650944,-2.841148959905304,-2.429729403246328,3.370097432974184,1.7193643847360995,3.5679066176537155,-1.8910811549460504,3.6523000738276856,0.0,0.006250000000000089,-0.25,-0.033333333333339876,-2.0587234685970017,-0.2551347587899997,1.29,0.0,1,0,2017,2,2017-02,685
15757.01,24441.24,818.4,199.5,269.56,440.85,3.26373913043478,4.25,264.200792328717,49.3278260869565,1231.09347826087,155.400167035249,2.9875,3.31875,3.38,43.8080495356037,52.1604938271605,1.31,2362.719970703125,12.369999885559082,-0.057798830595956474,3.76905709496409,-0.8831851867828533,9.786984392866849,-2.0852444256262537,-4.126014282005119,0.11999976780217025,-1.9767188338349229,-8.054824058532395,-0.26478106236043075,5.243784150473374,-0.03892728921313093,0.0,0.07916666666666972,-0.2479166666666699,-0.015833333333330035,-10.809784859300798,-4.516524806379898,1.31,0.0,1,0,2017,3,2017-03,686
15559.3,24114.96,790.47,193.14,267.61,434.16,3.24736111111111,4.25,257.709072005962,51.1855,1267.48,156.751508478455,3.06666666666667,2.93333333333333,3.4,53.5714285714286,59.4135802469136,0.92,2384.199951171875,10.819999694824219,-1.2626815026516525,-1.343947471296758,-3.4723509372170724,-3.239892179114623,-0.7260303314381211,-1.529155177788688,-0.5030809927276003,-2.4878070269839014,3.696794331885078,2.912789609795041,0.8658290127870671,0.9050132478198414,0.0,0.07916666666667016,-0.38541666666667007,0.020000000000000018,9.763379035824897,7.253086419753096,0.92,0.0,0,0,2017,4,2017-04,687
16000.08,24246.39,865.41,200.09,263.97,439.44,3.27286363636364,4.0,254.286347797924,48.524347826087,1246.80869565217,163.251277944792,2.95458333333333,3.02875,3.37083333333333,54.1543026706232,57.7611940298507,0.31,2411.800048828125,10.40999984741211,2.79351916355175,0.5435345521551227,9.057567780890352,3.5351950789629605,-1.3695236438056035,1.2088059279215635,0.7822630749484416,-1.3370335219215157,-5.339059980311811,-1.6443434003145185,4.062879333789837,1.150975911098051,-0.25,-0.1120833333333402,0.09541666666667004,-0.029166666666669894,0.5828740991946049,-1.6523862170628973,0.31,0.0,0,0,2017,5,2017-05,688
16132.87,23972.03,914.39,194.34,258.56,429.27,3.2678,4.0,259.444011276625,45.1777272727273,1260.25681818182,162.167774708857,2.8875,3.075,3.3425,53.0523262023926,56.8713455200195,-0.13,2423.409912109375,11.180000305175781,0.826508340653298,-1.1380006267279086,5.50537932136681,-2.915806291710865,-2.070768499284892,-2.341509744761172,-0.15483558417899168,2.007993759992921,-7.146148306835265,1.0728280885069275,-0.6659150599991115,0.4802226040504287,0.0,-0.06708333333332961,0.046250000000000124,-0.028333333333330213,-1.1019764682306032,-0.8898485098311966,0.0,-0.13,0,0,2017,6,2017-06,689
16750.17,24632.27,936.41,197.62,283.23,444.86,3.24892105263158,3.75,271.480433354167,46.572380952381,1236.22142857143,162.286309678345,2.78541666666667,3.0625,3.34375,54.7965126037598,55.8479537963867,-0.32,2470.300048828125,10.260000228881836,3.7549601839488744,2.7169637858019513,2.379623846884016,1.6736792355523278,9.113151307980516,3.5673534338831026,-0.5794018197430528,4.534914493202358,3.0403476060636425,-1.9256031828121856,0.07306733400227472,1.916401754710062,-0.25,-0.1020833333333302,-0.012500000000000178,0.0012500000000001954,1.7441864013672017,-1.0233917236328054,0.0,-0.32,0,0,2017,7,2017-07,690
17616.44,25948.83,1010.98,204.84,297.41,439.64,3.24143181818182,3.75,294.504213891011,48.0369565217391,1282.44565217391,162.638412476959,2.73333333333333,3.28333333333333,3.30833333333333,56.2682228088379,57.8488388061523,-0.52,2471.64990234375,10.59000015258789,5.042414948846385,5.206914997704715,7.662202167447063,3.5883191827533523,4.88523697960348,-1.1803415724884303,-0.23078060385253174,8.140324351767703,3.0962960201914136,3.6709428372484254,0.2167289297665853,0.05462837796947895,0.0,-0.05208333333334014,0.2208333333333301,-0.03541666666666998,1.4717102050780966,2.0008850097656037,0.0,-0.52,0,0,2017,8,2017-08,691
18087.42,27621.81,1027.18,224.4,293.76,441.97,3.24616666666667,3.5,298.335261621833,49.7028571428571,1314.97857142857,164.1810899832,2.80625,3.34375,3.2925,60.1369857788086,60.7336959838867,-0.69,2519.360107421875,9.510000228881836,2.6384112042032726,6.247915616677169,1.5897025910033946,9.1200987054191,-1.2348550776444256,0.5285796270333876,0.1459661641078691,1.2924581505233235,3.4091777032104975,2.5051449313078678,0.9440617541113916,1.9119039352355038,-0.25,0.07291666666667007,0.060416666666669894,-0.015833333333330035,3.868762969970703,2.8848571777343963,0.0,-0.69,0,0,2017,9,2017-09,692
19874.12,32465.25,1055.41,251.39,345.74,436.05,3.25104545454545,3.5,308.787644890375,51.5777272727273,1279.51363636364,164.870806680147,2.6625,3.54583333333333,3.2925,64.1428604125977,61.6809120178223,-0.97,2575.260009765625,10.180000305175781,9.420171382679321,16.156460847441778,2.7112133666055804,11.357534446905593,16.29239400625151,-1.34850907980395,0.1501809916235608,3.443591415744063,3.7027518067815013,-2.73403358722506,0.41921515362073336,2.1945560031841893,0.0,-0.14374999999999982,0.20208333333332984,0.0,4.005874633789098,0.9472160339356037,0.0,-0.97,0,0,2017,10,2017-10,693
19722.18,31226.99,1080.29,241.24,337.11,421.31,3.24052380952381,3.25,309.646893164,56.6631818181818,1282.28409090909,162.050069285228,2.475,3.8,3.29125,62.6099700927734,60.610466003418,-1.21,2647.580078125,11.279999732971191,-0.7674492098702856,-3.888750156575149,2.33002065849206,-4.121322953481066,-2.527776090671985,-3.438801091465127,-0.3241636592714592,0.2778786673944822,9.403471186302692,0.21628995888338665,-1.7256820244562654,2.769554104663463,-0.25,-0.1875,0.25416666666667,-0.0012500000000001954,-1.532890319824297,-1.070446014404304,0.0,-1.21,0,0,2017,11,2017-11,694
19974.38,30766.81,1069.15,235.96,355.48,416.58,3.24618421052632,3.25,311.065007491333,57.8990476190476,1263.90476190476,178.822860937088,2.3,3.65,3.275,53.654972076416,55.8739242553711,-1.3,2673.610107421875,11.039999961853027,1.2706561640237979,-1.4846273414292455,-1.0365583356493957,-2.212998944791167,5.305970228235335,-1.1290384765105799,0.174523114705738,0.4569323685279514,2.1576286557644764,-1.4436987430323178,9.849035501421,0.9783614574871535,0.0,-0.17500000000000027,-0.1499999999999999,-0.016249999999999876,-8.9549980163574,-4.736541748046896,0.0,-1.3,0,0,2017,12,2017-12,695
21068.89,32125.68,1178.79,241.96,370.97,411.03,3.21516666666667,3.0,320.780031028815,63.5804347826087,1330.13695652174,154.592875234452,2.225,3.57916666666667,3.235,58.5365867614746,58.3081588745117,-1.25,2823.81005859375,13.539999961853027,5.334709251851777,4.321919875513025,9.762454838865509,2.511012410383895,4.265220793391666,-1.3412315460110236,-0.9601020812588956,3.0753708999104568,9.360485809168484,5.107596546886128,-14.560066222372203,5.465739835832828,-0.25,-0.07499999999999973,-0.07083333333332975,-0.040000000000000036,4.881614685058601,2.4342346191405966,0.0,-1.25,0,0,2018,1,2018-01,696
20831.78,30908.51,1123.62,231.48,383.24,403.23,3.248375,3.0,317.810628021425,62.2125,1331.525,151.463758042883,2.1875,3.54166666666667,3.27083333333333,54.9363059997559,56.6455688476563,-1.21,2713.830078125,19.850000381469727,-1.131783959613486,-3.8624159788957613,-4.793287262382773,-4.427894653307529,3.254022797848144,-1.915908578196035,1.0275674622265418,-0.9299930611038398,-2.1749849629567386,0.10429901518396179,-2.0448674440086023,-3.972610759808415,0.0,-0.03750000000000009,-0.03750000000000009,0.03583333333333005,-3.6002807617187003,-1.6625900268553977,0.0,-1.21,0,0,2018,2,2018-02,697
20558.84,30728.05,1144.83,237.44,362.09,407.1,3.2519,2.75,308.158285477,62.8222727272727,1324.62045454545,161.431967543862,2.18125,3.53125,3.24875,53.538459777832,55.6748466491699,-1.16,2640.8701171875,19.969999313354492,-1.3188686532689786,-0.5855632294874624,1.8700538349146534,2.5421483273377454,-5.676862507290004,0.9551736757766882,0.10845696052970144,-3.084213117603607,0.9753727674344681,-0.5198932908275111,6.373742481961209,-2.7252497366939465,-0.25,-0.006250000000000089,-0.010416666666670071,-0.022083333333330124,-1.3978462219238992,-0.9707221984863992,0.0,-1.16,0,0,2018,3,2018-03,698
21428.86,32165.6,1207.36,252.59,372.31,403.46,3.230625,2.75,310.407298554833,66.2538095238095,1334.22142857143,169.423665829414,2.16666666666667,3.475,3.24333333333333,58.5626907348633,58.9393920898438,-1.07,2648.050048828125,15.930000305175781,4.144759285511412,4.572164028254022,5.3180003426327005,6.1852660871870135,2.7834040867265486,-0.8981505302728898,-0.6563823937093982,0.7271736566621279,5.3183293600304715,0.72219531491724,4.831867598178441,0.2715085811824558,0.0,-0.01458333333332984,-0.05624999999999991,-0.005416666666669734,5.0242309570313,3.264545440673899,0.0,-1.07,0,0,2018,4,2018-04,699
20814.29,30807.48,1169.36,248.21,351.13,417.35,3.27361363636364,2.75,309.59848607313,69.8886956521739,1303.32391304348,174.2009640499,2.21666666666667,3.65416666666667,3.284375,59.7345123291016,59.8550720214844,-0.84,2705.27001953125,15.430000305175781,-2.9098841568570677,-4.314004086787904,-3.1979567194908576,-1.749245880336403,-5.8570315310976895,3.3847848090541532,1.3218845354180608,-0.26090496590978063,5.341094898782561,-2.34300646940655,2.7807122264762008,2.1378191183066164,0.0,0.04999999999999982,0.1791666666666698,0.04104166666666975,1.1718215942382955,0.9156799316406037,0.0,-0.84,0,0,2018,5,2018-05,700
19800.26,28379.32,1164.91,236.08,317.89,404.52,3.27095,2.75,315.965965051,67.8733333333333,1281.56666666667,165.527593034563,2.275,3.7875,3.2925,57.803466796875,57.2857131958008,-0.61,2718.3701171875,16.09000015258789,-4.994470112095861,-8.20968067281136,-0.3812759784303843,-5.010443141283805,-9.9451114276909,-3.122401926277618,-0.081399972823748,2.035825049249862,-2.9260691436208575,-1.6834569620672646,-5.107169235428621,0.4830749386569799,0.0,0.05833333333333002,0.1333333333333302,0.00812500000000016,-1.931045532226598,-2.569358825683601,0.0,-0.61,0,0,2018,6,2018-06,701
20485.72,29567.46,1200.49,241.21,329.95,442.12,3.27659523809524,2.75,283.52925067775,71.1272727272727,1238.525,166.517233721098,2.32895833333333,3.88958333333333,3.30208333333333,58.9665641784668,59.6969680786133,-0.46,2816.2900390625,12.829999923706055,3.4032989122790624,4.101372139624004,3.008597596732443,2.1497192728748615,3.72357168402786,8.888015940878446,0.17243835021518716,-10.831920741219037,4.682762291129716,-3.4162132386426514,0.596090369218949,3.538795073752432,0.0,0.05395833333333,0.10208333333332975,0.009583333333329946,1.1630973815917969,2.4112548828125,0.0,-0.46,0,0,2018,7,2018-07,702
19443.11,27769.92,1153.76,221.96,302.47,431.34,3.28807142857143,2.75,274.550586927674,68.055652173913,1201.09130434783,166.411982745936,2.39166666666667,3.96666666666667,3.31666666666667,58.5329322814941,58.9020767211914,-0.24,2901.52001953125,12.859999656677246,-5.223529238937807,-6.272101179755651,-3.9703632595608163,-8.317073790573204,-8.695902883027529,-2.4684696218919555,0.3496354879783503,-3.217976333602035,-4.414506114226846,-3.0690591640346376,-0.06322724078424713,2.9814314524382546,0.0,0.06270833333334025,0.07708333333334005,0.014583333333340054,-0.4336318969726989,-0.7948913574219034,0.0,-0.24,0,0,2018,8,2018-08,703
19564.07,27217.02,1181.14,217.14,308.53,430.71,3.311325,2.75,274.457970268212,70.2125,1198.4725,168.105434901606,2.4375,3.95,3.338125,55.1282043457031,57.1428565979004,-0.09,2913.97998046875,12.119999885559082,0.6201955010300964,-2.011090760256451,2.3453899610287543,-2.1954878653994037,1.9836984350901865,-0.146163241612296,0.7047210428213768,-0.033739605376492676,3.1200573078582927,-0.218273453101947,1.012483376314588,0.4285093286333641,0.0,0.04583333333332984,-0.016666666666669716,0.021458333333329804,-3.4047279357910014,-1.7592201232910014,0.0,-0.09,0,0,2018,9,2018-09,704
18909.4,25166.71,1205.54,206.11,286.73,407.24,3.33390909090909,2.75,282.115718802978,70.7486956521739,1215.39347826087,171.60453435013,2.43833333333333,3.88333333333333,3.36875,52.3809509277344,55.9748420715332,0.27,2711.739990234375,21.229999542236328,-3.4035567747922713,-7.832042346567825,2.044752554459528,-5.2132299948500105,-7.327807693954558,-5.603231756871718,0.6797105278766091,2.75192016831296,0.760774248317464,1.402004550405156,2.0601239404697935,-7.192934595429712,0.0,0.0008333333333299109,-0.06666666666666998,0.030625000000000124,-2.747253417968693,-1.1680145263671946,0.27,0.0,0,0,2018,10,2018-10,705
19180.97,26461.83,1187.8,219.4,282.53,394.43,3.374675,2.75,281.042224330875,56.7313636363636,1220.94545454545,170.249555667477,2.475,3.89166666666667,3.3790625,55.4517135620117,55.5900611877441,0.63,2760.169921875,18.06999969482422,1.4259488767375927,5.0181227853340005,-1.4824742741572194,6.248654098592343,-1.4756266772007365,-3.196100749458086,1.2153506708385775,-0.38124145647486785,-22.08068919862427,0.4557646574007812,-0.7927275513006649,1.770175205611757,0.0,0.03666666666667018,0.008333333333339965,0.010312499999999947,3.070762634277294,-0.38478088378910513,0.63,0.0,0,0,2018,11,2018-11,706
19350.4,26508.09,1199.97,226.9,284.83,397.61,3.36402631578947,2.75,274.9514949665,48.92,1251.43333333333,187.243182650937,2.5,3.85,3.3725,58.3032493591309,58.5409240722656,0.87,2506.85009765625,25.420000076293945,0.8794449406185123,0.17466521286344516,1.019369988182639,3.3612843944666793,0.8107771430407418,0.8029940627158894,-0.31604585439257704,-2.1910222398402013,-14.814089753651105,2.466403970202169,9.514287885234207,-9.626521985789882,0.0,0.02499999999999991,-0.04166666666667007,-0.006562499999999805,2.8515357971192046,2.9508628845214986,0.87,0.0,0,0,2018,12,2018-12,707
20190.87,27316.37,1293.51,230.03,286.04,389.34,3.34386363636364,2.75,269.412667267054,51.2017391304348,1291.30652173913,157.193197527055,2.47708333333333,3.86041666666667,3.33083333333333,58.1210174560547,56.6246070861816,0.78,2704.10009765625,16.56999969482422,4.251743093854365,3.003618676043196,7.506289709511904,1.3700343414130955,0.4239150111283507,-2.10186275104407,-0.6011649055889468,-2.035041700515894,4.558718804091644,3.136495231898806,-17.493260766574004,7.574215198675649,0.0,-0.022916666666669805,0.010416666666670071,-0.04166666666667007,-0.1822319030762003,-1.9163169860839986,0.78,0.0,0,0,2019,1,2019-01,708
20614.45,27500.37,1282.05,226.1,305.7,416.75,3.321475,2.75,285.785305728037,54.986,1320.065,154.617113293077,2.4,3.91666666666667,3.31791666666667,58.4935913085938,59.554141998291,0.49,2784.489990234375,14.779999732971191,2.0761764165424523,0.6713302945371424,-0.8899094278568498,-1.723235591600325,6.647256771659382,6.803352376977134,-0.6717954416618266,5.899656648219409,7.130510851584448,2.2026464430383363,-1.652378229858531,2.9295553365401794,0.0,-0.07708333333333028,0.05624999999999991,-0.012916666666659804,0.372573852539098,2.9295349121094034,0.49,0.0,0,0,2019,2,2019-02,709
21098.07,28022.32,1273.33,236.18,321.76,433.71,3.30469047619048,2.75,292.08918668875,58.1514285714286,1300.89761904762,166.89749978886,2.33,3.8875,3.315,59.6026496887207,58.8235282897949,0.31,2834.39990234375,13.710000038146973,2.3189280903419984,1.8801876355254876,-0.6824843152099191,4.36168468892113,5.120169712755285,3.9889586357557683,-0.5066145652075749,2.181833985195336,5.597183829368735,-1.4626475421197327,7.642802622958378,1.7765510890228597,0.0,-0.06999999999999984,-0.029166666666669894,-0.0029166666666702312,1.1090583801269034,-0.7306137084961009,0.31,0.0,0,0,2019,3,2019-03,710
20896.5,27344.57,1286.82,233.34,305.39,444.91,3.303825,2.75,292.131526885625,63.8695454545455,1285.46818181818,169.417386054755,2.38,3.85,3.31916666666667,55.8631935119629,54.8543701171875,0.21,2945.830078125,13.119999885559082,-0.9599886271892899,-2.448336380305527,1.0538542546887797,-1.2097608777424718,-5.221627771827553,2.549590653204703,-0.026192756861842525,0.014494589447267003,9.379220515017206,-1.1931506571490225,1.4985559835330342,3.8560397417571224,0.0,0.04999999999999982,-0.03750000000000009,0.0041666666666699825,-3.7394561767578054,-3.9691581726074006,0.21,0.0,0,0,2019,4,2019-04,711
19922.77,25234.03,1249.66,214.43,280.75,442.94,3.33236363636364,2.75,273.214954612098,60.7213043478261,1283.65,175.401831131757,2.47083333333333,3.68333333333333,3.35416666666667,52.9051971435547,56.25,0.05,2752.06005859375,18.709999084472656,-4.771838211832069,-8.032449130266883,-2.930254437728763,-8.45132726145712,-8.41250546875143,-0.4437693828808875,0.860096475848704,-6.694527049709809,-5.054803660875429,-0.14154133777051214,3.4714109534862203,-6.804089408287428,0.0,0.09083333333333021,-0.16666666666667007,0.03500000000000014,-2.957996368408196,1.3956298828125,0.05,0.0,0,0,2019,5,2019-05,712
20622.79,26032.45,1242.26,217.93,305.94,474.26,3.32565,2.75,266.813237862325,54.6575,1359.0425,170.192831247473,2.475,3.4375,3.34125,49.8475608825684,54.4207305908203,-0.28,2941.760009765625,15.079999923706055,3.453347625052672,3.1150356366993037,-0.5939212938169902,1.6190565526580158,8.592441067656686,6.832137382626424,-0.2016709188578547,-2.3709934910102426,-10.5208172041932,5.707282523510493,-3.0147423959193453,6.665830156302643,0.0,0.0041666666666699825,-0.24583333333333002,-0.012916666666670018,-3.0576362609862997,-1.8292694091797017,0.0,-0.28,0,0,2019,6,2019-06,713
19957.26,25328.41,1196.75,214.0,286.06,502.35,3.29021428571428,2.75,269.488101650326,57.3321739130435,1412.97826086957,173.06173485187,2.32291666666667,3.30625,3.318125,49.1071434020996,52.0771522521973,-0.6,2980.3798828125,16.1200008392334,-3.2803788053252347,-2.7417146117908686,-3.732275208684932,-1.8197895285868348,-6.7187425268365075,5.754139339035991,-1.0712448631984728,0.9975309668218024,4.77755233250452,3.8919310820404007,1.6716284024955286,1.30427248337055,0.0,-0.15208333333333002,-0.1312500000000001,-0.02312499999999984,-0.7404174804687997,-2.343578338622997,0.0,-0.6,0,0,2019,7,2019-07,714
19106.75,23998.15,1146.09,201.63,270.33,510.26,3.37756,2.5,258.777024314375,54.8059090909091,1499.025,172.594321427108,2.3,3.06666666666667,3.37833333333333,45.238094329834,49.8525085449219,-0.72,2926.4599609375,18.979999542236328,-4.3551311149442995,-5.394994658254504,-4.3253400050155655,-5.954168037186669,-5.655814411169846,1.5623311825746278,2.620086022102175,-4.055745873332661,-4.506394722715257,5.911517827130819,-0.2704501779573043,-1.8257281743262688,-0.25,-0.02291666666667025,-0.23958333333332993,0.060208333333329644,-3.8690490722656037,-2.2246437072753977,0.0,-0.72,0,0,2019,8,2019-08,715
19602.71,24925.85,1167.68,201.04,280.6,593.05,3.35735714285714,2.5,261.23518569225,56.857619047619,1511.31428571429,172.360592193133,2.2125,2.9125,3.359375,46.8023262023926,50.1453475952148,-0.74,2976.739990234375,16.239999771118164,2.5626146223064694,3.7928673529814105,1.8662725025619942,-0.2930441414648044,3.7286732753305074,15.035831274121492,-0.5999455468229664,0.9454315266393287,3.675221313663357,0.8164763382624507,-0.13551293836631118,1.7035250591072248,0.0,-0.08749999999999991,-0.1541666666666699,-0.018958333333329858,1.5642318725586009,0.2928390502928977,0.0,-0.74,0,0,2019,9,2019-09,716
19904.87,24849.55,1200.26,209.24,282.64,625.94,3.3597619047619,2.5,261.146636573063,53.9630434782609,1494.8,176.250970775075,2.22916666666667,2.91666666666667,3.35833333333333,47.0031547546387,50.4731864929199,-0.53,3037.56005859375,13.220000267028809,1.5296603423768929,-0.3065773846589792,2.751932572584348,3.997802526707428,0.7243835382529262,5.397580738586338,0.07160099413006105,-0.03390206789779526,-5.22507991662815,-1.0987241520011182,2.232020108702404,2.0225842153316798,0.0,0.01666666666667016,0.0041666666666699825,-0.0010416666666701602,0.20082855224610086,0.32783889770509944,0.0,-0.53,0,0,2019,10,2019-10,717
20078.0,24292.73,1194.95,201.67,292.69,630.32,3.3717,2.25,265.802968856333,57.0790476190476,1470.01666666667,174.183397196694,2.18333333333333,2.95833333333333,3.37208333333333,49.6987953186035,51.9519500732422,-0.3,3140.97998046875,12.619999885559082,0.8660262860738399,-2.2662515097346514,-0.4433856487858101,-3.6849220350660516,3.494002538959684,0.6973107076285068,0.35469584238945195,1.7673240220914543,5.6137675212099225,-1.6718680034336408,-1.1800198604064782,3.3480266071379106,-0.25,-0.045833333333340054,0.04166666666665986,0.013750000000000373,2.695640563964801,1.4787635803223012,0.0,-0.3,0,0,2019,11,2019-11,718
20526.13,25752.88,1179.61,211.12,304.66,651.51,3.35519047619048,2.25,276.109407307125,59.8781818181818,1480.19772727273,189.566260025411,2.225,3.0995,3.355,50.7716064453125,51.5243911743164,-0.18,3230.780029296875,13.779999732971191,2.207402036490258,5.836933688637558,-1.2920468130896978,4.579399404331852,4.008237226806877,3.306511870383666,-0.49085255708549713,3.8041874727879232,4.787508788337025,0.6901939766150278,8.462986951602058,2.8188756298542117,0.0,0.04166666666667007,0.14116666666667,-0.01708333333333023,1.0728111267089986,-0.42755889892580257,0.0,-0.18,0,0,2019,12,2019-12,719
19834.9,25270.72,1178.08,199.02,276.35,636.77,3.32736363636364,2.25,273.803342801617,57.7213043478261,1559.0347826087,162.385738087125,2.04583333333333,3.04791666666667,3.34979166666667,52.9239768981934,55.7971000671387,-0.14,3225.52001953125,18.84000015258789,-3.4255696273795877,-1.890005223824609,-0.1297880734764334,-5.902137000805219,-9.75282224292835,-2.288422277359725,-0.8328252999266539,-0.8387068759468264,-3.6685863833592514,5.189122231161392,-15.47640163222086,-0.16294196024428942,0.0,-0.17916666666667025,-0.05158333333332976,-0.005208333333329929,2.152370452880902,4.272708892822301,0.0,-0.14,0,0,2020,1,2020-01,720
18264.3,23661.23,1059.27,200.96,247.58,642.19,3.39035,2.25,257.99200024675,50.617,1597.1025,161.698428179546,2.025,2.9,3.37083333333333,48.187313079834,50.7575759887695,-0.14,2954.219970703125,40.11000061035156,-8.24946775122637,-6.580856960349202,-10.630600300806048,0.9700561092817139,-10.993441617560773,0.8475687193443271,1.875287126066305,-5.948154405198647,-13.133884325089928,2.4124149343456303,-0.42415582713291045,-8.785953690838788,0.0,-0.02083333333332993,-0.14791666666667025,0.021041666666659964,-4.736663818359403,-5.0395240783691975,0.0,-0.14,0,0,2020,2,2020-02,721
14463.96,18199.4,832.43,143.66,187.82,564.83,3.49136363636364,1.25,235.080227254398,29.2077272727273,1591.92727272727,137.513514528,2.01875,0.4875,3.41,21.8120803833008,28.4768218994141,0.07,2584.590087890625,53.540000915527344,-23.328829668890805,-26.244921716769554,-24.098613637709665,-33.56564866331784,-27.624970472719657,-12.835940914538746,2.935922575154004,-9.300172919047345,-54.98541813552826,-0.32456465976400395,-16.201084618622374,-13.366772467037435,-1.0,-0.006250000000000089,-2.4125,0.039166666666670125,-26.3752326965332,-22.2807540893554,0.07,0.0,0,1,2020,3,2020-03,722
14779.28,18159.49,894.29,129.83,200.29,559.52,3.3975,0.25,229.157836563294,16.8363636363636,1682.72272727273,102.875343532707,1.50833333333333,-1.5,3.38916666666667,9.13705539703369,15.7360410690308,0.02,2912.429931640625,34.150001525878906,2.1566161695171004,-0.2195337428005928,7.168097312436661,-10.12234942744934,6.428225893667339,-0.9445527600662196,-2.725251960911401,-2.5515839684787878,-55.08922574791391,5.546774912238206,-29.02042014398587,11.942083876017673,-1.0,-0.5104166666666698,-1.9875,-0.02083333333332993,-12.67502498626711,-12.7407808303833,0.02,0.0,0,1,2020,4,2020-04,723
15580.85,19517.77,842.62,155.1,221.95,590.01,3.42115,0.25,237.725063518376,28.7971428571429,1716.6119047619,117.997641487312,1.52083333333333,-3.05208333333333,3.39270833333333,14.3369178771973,19.4642848968506,-0.2,3044.31005859375,27.510000228881836,5.281639622449319,7.213204357722347,-5.951402204132794,17.78441678103313,10.268581496690299,5.306021259360616,0.6936884819474631,3.6703801848043227,53.67351264577134,1.9939372819198553,13.714663855702014,4.42865329490969,0.0,0.012499999999999956,-1.55208333333333,0.003541666666659893,5.19986248016361,3.7282438278197993,0.0,-0.2,0,1,2020,5,2020-05,724
16878.0,21334.19,854.83,176.29,255.03,600.95,3.47016666666667,0.25,261.024061648713,38.3072727272727,1732.21818181818,139.382064668287,1.4,-2.475,3.4325,28.7822875976563,34.6296310424805,-0.72,3100.2900390625,30.43000030517578,7.996840265684035,8.898561747974476,1.4386533439728844,12.806029611515868,13.892905401733291,1.8372250490125808,1.4225871682366886,9.349778268025322,28.536359072919293,0.9050247873206629,16.655419226248203,1.8221374356718556,0.0,-0.12083333333333002,0.5770833333333298,0.03979166666667,14.445369720459,15.165346145629897,0.0,-0.72,0,1,2020,6,2020-06,725
17512.53,21939.33,810.55,179.23,293.28,609.68,3.51656818181818,0.25,288.889969244938,40.704347826087,1843.31304347826,153.991673261532,1.45833333333333,-1.22916666666667,3.44041666666667,34.790210723877,38.7152786254883,-1.02,3271.1201171875,24.459999084472656,3.6905625987982305,2.796996641502858,-5.3189589170434814,1.6539530945854253,13.974659879401763,1.4422492959063504,1.3282942146624732,10.143329306198812,6.069514633620887,6.216174641768113,9.967970208876142,5.363680163450546,0.0,0.05833333333333002,1.24583333333333,0.00791666666666968,6.007923126220703,4.085647583007805,0.0,-1.02,0,1,2020,7,2020-07,726
18576.89,23008.23,824.93,179.63,334.92,607.2,3.56392857142857,0.25,295.18720547811,42.3390476190476,1968.03095238095,156.775163672638,1.56666666666667,1.0,3.46083333333333,38.1188125610352,43.1893692016602,-1.19,3500.31005859375,26.40999984741211,5.900171036744517,4.757106146127121,1.7585504662413598,0.22292825372378644,13.276391324483683,-0.4076003276440865,1.3377902029388933,2.156386355033213,3.9374858871366047,6.546900669132505,1.7914169204095387,6.771908300435747,0.0,0.10833333333334005,2.22916666666667,0.020416666666660088,3.328601837158196,4.474090576171896,0.0,-1.19,0,1,2020,8,2020-08,727
17948.78,22409.39,801.98,177.68,307.54,631.56,3.55490909090909,0.25,304.469755464358,39.6368181818182,1922.21363636364,162.247835266957,1.49375,2.8125,3.4625,46.5686274509804,49.6742671009772,-1.02,3363.0,26.3700008392334,-3.439618904056374,-2.637191056033039,-2.821486435029019,-1.0915000194572144,-8.528653724868462,3.9334723072267153,-0.2533976970257479,3.0962007065959973,-6.595133343337123,-2.355606881632255,3.431231310939875,-4.001811998317706,0.0,-0.07291666666667007,1.8125,0.0016666666666700358,8.449814889945202,6.484897899316998,0.0,-1.02,0,1,2020,9,2020-09,728
17472.2,21634.47,739.95,167.7,331.8,609.91,3.59561363636364,0.25,304.032656806895,39.3959090909091,1900.275,170.514293400219,1.61666666666667,5.32916666666667,3.48083333333333,50.1628664495114,50.974025974026,-0.91,3269.9599609375,38.02000045776367,-2.69110996672115,-3.5192191416776097,-8.050105355184911,-5.780751075700863,7.592721766879773,-3.4881543855179054,1.1385177473240082,-0.14366376330698927,-0.6096457641626696,-1.1478844984772252,4.969411193420203,-2.8055692285555267,0.0,0.12291666666667012,2.51666666666667,0.018333333333329982,3.5942389985309973,1.2997588730488019,0.0,-0.91,0,1,2020,10,2020-10,729
19796.51,24111.97,993.53,186.57,357.7,617.14,3.6077619047619,0.25,320.391731501704,41.3795238095238,1863.49285714286,170.513324971153,1.68333333333333,7.21875,3.4871875,52.8052805280528,55.0819672131148,-0.76,3621.6298828125,20.56999969482422,12.48946131547175,10.842052165508953,29.46816414639093,10.662983495474432,7.5162268508627506,1.178449724398778,0.3372940879230457,5.240928871892692,4.9124183773280095,-1.9546005644381914,-0.0005679475877151674,10.214642790660022,0.0,0.06666666666665999,1.8895833333333298,0.0063541666666702135,2.6424140785413996,4.107941239088802,0.0,-0.76,0,1,2020,11,2020-11,730
20822.15,25198.62,1033.91,190.56,389.95,614.1,3.60261904761905,0.25,351.917859003231,47.0752173913043,1859.64782608696,191.519405008399,1.8475,9.25,3.5025,49.5,49.6677740863787,-0.79,3756.070068359375,22.75,5.05116644074004,4.408083342352498,3.9838752849398418,2.1160601823082104,8.632387951153486,-0.4938121207143098,-0.1426514923118294,9.385338519957376,12.89605280038697,-0.206547791233902,11.617568913022946,3.6449047840592996,0.0,0.1641666666666699,2.03125,0.01531249999999984,-3.3052805280527977,-5.414193126736102,0.0,-0.79,0,1,2020,12,2020-12,731
21110.22,27025.42,988.46,210.61,386.5,659.64,3.624575,0.25,361.041166970931,51.8457142857143,1868.13333333333,160.76619802336,1.97708333333333,8.58333333333333,3.496875,41.1764705882353,44.8275862068966,-0.84,3714.239990234375,33.09000015258789,1.3739959461517515,6.99886734569688,-4.495483422078017,10.004097634640186,-0.8886657749029858,7.153645032521627,0.6075945873908362,2.5594194499734435,9.652558273577538,0.4552585862414915,-17.503801177368317,-1.1199137650889313,0.0,0.12958333333333005,-0.6666666666666696,-0.005624999999999769,-8.323529411764703,-4.840187879482102,0.0,-0.84,0,0,2021,1,2021-01,732
22530.22,29436.86,1056.75,218.2,427.42,637.92,3.645275,0.25,383.750484990309,59.069,1808.175,155.519403928155,2.10833333333333,8.05833333333333,3.52125,44.2176870748299,46.9594594594595,-0.83,3811.14990234375,27.950000762939453,6.510023574751678,8.546972599355485,6.680526300651479,3.5403991445578598,10.063526833456837,-3.3481348027525115,0.5694768376895532,6.100057495716804,13.043397686252245,-3.2621665525492283,-3.3180615411571246,2.5756876672536677,0.0,0.13124999999999987,-0.5250000000000004,0.024375000000000036,3.0412164865945996,2.1318732525629045,0.0,-0.83,0,0,2021,2,2021-02,733
21372.03,28797.92,935.95,220.3,414.94,658.9,3.70815217391304,0.25,408.458943086612,62.3330434782609,1718.22826086957,164.834993571958,2.171875,7.81875,3.538125,51.1824324324324,53.5353535353535,-0.86,3972.889892578125,19.399999618530273,-5.277446135425556,-2.1944468252124594,-12.1391383199561,0.9578180409327786,-2.963320489705179,3.2358894286729445,1.710187778147576,6.239884001001439,5.378542598565161,-5.1024370283689,5.817442663187844,4.156280728254735,0.0,0.06354166666667016,-0.23958333333333037,0.01687499999999975,6.964745357602503,6.5758940758939985,0.0,-0.86,0,0,2021,3,2021-03,734
19562.77,26034.35,826.33,191.61,418.05,540.82,3.69945,0.25,421.078302554279,61.7027272727273,1758.43863636364,164.492286036925,2.3,7.21666666666667,3.56666666666667,39.7151898734177,46.6876971608833,-0.83,4181.169921875,18.610000610351562,-8.845478767826442,-10.088634239972727,-12.456784677302402,-13.952819756669044,0.7467111131073345,-19.748527162632534,-0.234952626016649,3.042740547442069,-1.0163546008661761,2.3132597842481673,-0.20812588568253076,5.109733046805509,0.0,0.12812499999999982,-0.6020833333333293,0.028541666666670018,-11.4672425590147,-6.847656374470198,0.0,-0.83,0,0,2021,4,2021-04,735
21041.71,26918.65,950.68,188.45,441.59,551.05,3.77354761904762,0.25,461.376879023019,65.2238095238095,1851.37380952381,175.343695357749,2.42708333333333,6.75,3.60416666666667,44.8387096774194,48.8673139158576,-0.7,4204.10986328125,16.760000228881836,7.287838820917436,3.340253501883339,14.018330853885175,-1.662933652846288,5.478080718288236,1.873904284410255,1.9831412042492502,9.139642579737295,5.549644693172517,5.15016863619433,6.388434560854783,0.5471492716724313,0.0,0.1270833333333301,-0.46666666666667034,0.03750000000000009,5.1235198040017025,2.1796167549742975,0.0,-0.7,0,0,2021,5,2021-05,736
18850.91,24793.11,844.61,187.05,387.42,527.16,3.91030952380952,0.25,436.012583786,71.3781818181818,1834.56590909091,172.012929904623,2.6,6.2375,3.8,39.4736842105263,43.0451127819549,-0.46,4297.5,15.829999923706055,-10.994546974038677,-8.225356294018482,-11.83025356591898,-0.7456758918989337,-13.087247391251822,-4.432144136186267,3.5600960969024875,-5.654412917377805,9.016766685392419,-0.9120071524013618,-1.9178373469764587,2.197087256612207,0.0,0.17291666666667016,-0.5125000000000002,0.19583333333332975,-5.365025466893101,-5.822201133902702,0.0,-0.46,0,0,2021,6,2021-06,737
17671.77,22977.78,745.31,180.24,392.24,512.9,3.94005,0.25,427.900487030073,72.6163636363636,1807.09318181818,174.499180150954,3.025,5.4375,3.959375,42.9328621908127,45.4063604240283,-0.3,4395.259765625,18.239999771118164,-6.459273749661243,-7.603812998059922,-12.507474314053457,-3.7086664670166414,1.2364521476547097,-2.742321338046594,0.7576880620908222,-1.8780443218246567,1.7198045002233542,-1.5088314299608996,1.435039550398276,2.249317592225175,0.0,0.4249999999999998,-0.7999999999999998,0.15937500000000027,3.4591779802863982,2.361247642073401,0.0,-0.3,0,0,2021,7,2021-07,738
17653.54,23568.9,790.5,188.35,384.91,463.86,4.08619047619048,0.5,424.424318988801,67.7304545454545,1784.62954545455,175.606368609873,3.07333333333333,5.18333333333333,4.11666666666667,33.5640138408305,42.4398625429553,-0.41,4522.68017578125,16.479999542236328,-0.10321212534769586,2.5400384354014705,5.886541743608564,4.401263801406152,-1.8864356616544953,-10.049811183478408,3.6419698510957055,-0.8156954463530042,-6.965436653006929,-1.2508721286222269,0.6324904897231143,2.85781431597929,0.25,0.04833333333333023,-0.25416666666667,0.15729166666666972,-9.368848349982201,-2.9664978810730034,0.0,-0.41,0,0,2021,8,2021-08,739
18279.15,24864.85,839.76,196.53,360.5,512.25,4.10747727272727,1.0,422.932618434239,71.5413636363636,1777.25227272727,178.522991745203,3.6375,4.5,4.208125,35.0,44.8028673835125,-0.62,4307.5400390625,23.139999389648438,3.48247361982299,5.352711320873205,6.045048007801501,4.251315727384419,-6.551758400142926,9.923000455857078,0.5195925702672799,-0.3520835269396727,5.473987047942863,-0.4142351516859044,1.6472449966917324,-4.873779278283408,0.5,0.56416666666667,-0.68333333333333,0.09145833333333009,1.4359861591695022,2.3630048405572026,0.0,-0.62,0,0,2021,9,2021-09,740
20737.77,28795.53,951.03,230.87,390.0,566.08,4.01505,1.5,443.811538733549,81.4766666666667,1776.85476190476,178.646823045847,3.61333333333333,3.77916666666667,4.11875,42.5182481751825,48.7226277372263,-0.9,4605.3798828125,16.260000228881836,12.619560928431817,14.676500718991115,12.44294710616165,16.103969013233854,7.865478239868828,9.99226238524109,-2.275923717697248,4.818713813491193,13.004088586418128,-0.022369096951457834,0.06934029723542068,6.685817528398985,0.5,-0.02416666666667,-0.7208333333333301,-0.08937499999999954,7.518248175182499,3.919760353713798,0.0,-0.9,0,0,2021,10,2021-10,741
20416.43,28915.99,880.37,238.05,395.88,577.92,4.01959523809524,2.0,442.954598408887,79.0722727272727,1820.23409090909,176.923593572592,3.7125,3.43125,4.150625,40.1079136690648,46.7741935483871,-1.23,4567.0,27.190000534057617,-1.5616706470499508,0.4174562546184646,-7.720333413769609,3.0625954096294983,1.4964395904797811,2.0700039817145743,0.11314098993564503,-0.19327318794069015,-2.9954401786325136,2.4120300550451113,-0.9692836548261141,-0.8368625655204909,0.5,0.09916666666666973,-0.34791666666667,0.03187499999999943,-2.4103345061176995,-1.9484341888391938,0.0,-1.23,0,0,2021,11,2021-11,742
21111.73,30273.91,906.1,258.07,411.6,548.5,4.03697727272727,2.5,433.319749994173,71.8065217391304,1788.02826086957,195.423679290646,3.675,2.55,4.125,41.2213740458015,46.1977186311787,-1.31,4766.18017578125,17.219999313354492,3.34888413312342,4.589155617927432,2.8807401576552927,8.07501303105207,3.894086893140436,-5.224817107328139,0.4315001591233436,-2.1991370008440647,-9.638697495021109,-1.7851631714428606,9.945195130000162,4.268864816139661,0.5,-0.03750000000000009,-0.8812500000000001,-0.025624999999999787,1.1134603767366968,-0.5764749172084009,0.0,-1.31,0,0,2021,12,2021-12,743
22943.81,33695.23,1008.68,282.9,427.19,578.38,3.88928571428572,3.0,443.247223988096,83.2504761904762,1816.92380952381,165.705479352297,3.72708333333333,2.76041666666667,4.00229166666667,44.4816053511706,48.8294314381271,-1.46,4515.5498046875,24.829999923706055,8.321937316680383,10.706999882548374,10.724814913546332,9.186261235647297,3.7176875172413304,5.3043812384821365,-3.7270692348185364,2.265177395356588,14.787854489939978,1.6031374035271106,-16.495792415092048,-5.401822999928463,0.5,0.05208333333333037,0.21041666666667025,-0.12270833333333009,3.2602313053691034,2.6317128069484,0.0,-1.46,0,0,2022,1,2022-01,744
23749.03,34169.05,1039.11,271.07,465.84,598.86,3.7908,3.5,450.932050719019,91.622,1856.295,163.05925121915,3.75,2.65,3.89833333333333,44.5205479452055,49.4897959183673,-1.14,4373.93994140625,30.149999618530273,3.4493504190480806,1.3963979261619741,2.972203216164271,-4.27163881991639,8.661334839655677,3.479675582644415,-2.5648441149809464,1.718898248109646,9.581756866533997,2.1437709182125175,-1.609835262642978,-3.1862761021711705,0.5,0.022916666666669805,-0.11041666666667016,-0.10395833333334004,0.03894259403489997,0.6603644802401973,0.0,-1.14,0,0,2022,2,2022-02,745
24915.5,35593.24,1147.85,274.37,494.12,617.98,3.73878260869565,4.0,464.369133037125,108.502608695652,1947.82826086957,171.273598108185,4.3875,2.7375,3.8125,38.986013986014,48.9547038327526,-1.24,4530.41015625,20.559999465942383,4.794841222266832,4.083546861152421,9.952604979645852,1.2100470320408618,5.893617513974814,3.1428246547918093,-1.3817025872290722,2.9363116728839067,16.91027984541238,4.81324738633262,4.914862765378114,3.5148286271523332,0.5,0.6375000000000002,0.08749999999999991,-0.08583333333332988,-5.534533959191499,-0.5350920856146999,0.0,-1.24,0,0,2022,3,2022-03,746
22818.9,33306.82,975.57,264.36,443.39,579.5,3.73973684210526,4.5,462.304581052218,102.018571428571,1936.69523809524,171.169961181518,4.61666666666667,2.61666666666667,3.84166666666667,34.9122807017544,43.5314685314685,-1.26,4131.93017578125,33.400001525878906,-8.790095982229396,-6.639355136503156,-16.262399076011835,-3.716574982651455,-10.83286587402732,-6.429043169466198,0.025519313577127,-0.4455841078486955,-6.1619346429225175,-0.573200458660228,-0.06052788964465705,-9.206782490742249,0.5,0.22916666666666963,-0.12083333333333002,0.029166666666669894,-4.073733284259603,-5.423235301284102,0.0,-1.26,0,0,2022,4,2022-04,747
20719.04,28561.18,972.23,226.62,400.68,538.84,3.75754545454545,5.0,425.633555273356,109.798181818182,1849.0,179.824800668156,4.88541666666667,2.61041666666667,3.83541666666667,36.0627177700348,46.1538461538462,-1.51,4132.14990234375,26.190000534057617,-9.65360556701107,-15.371372767707214,-0.3429513578020682,-15.403720464983106,-10.128664018477629,-7.274698194943863,0.47506937125245674,-8.264516301077052,7.348910036522405,-4.633808257100824,4.932605935164869,0.005317629076095898,0.5,0.2687499999999998,-0.006249999999999645,-0.006250000000000089,1.1504370682804037,2.622377622377705,0.0,-1.51,0,0,2022,5,2022-05,748
18388.82,26132.13,859.49,220.45,330.0,536.09,3.74714285714286,5.5,411.475287869666,114.629545454545,1834.83181818182,178.434872205517,5.35,2.6,3.8125,34.115523465704,43.1899641577061,-1.44,3785.3798828125,28.709999084472656,-11.93102130212722,-8.8882861434751,-12.325321189954064,-2.7603694148473856,-19.40704492830374,-0.511662340718555,-0.27722947664381437,-3.3829812663013215,4.306161488649618,-0.7692127315767294,-0.7759374228220928,-8.765158180481869,0.5,0.46458333333333,-0.010416666666670071,-0.022916666666669805,-1.9471943043308002,-2.9638819961401026,0.0,-1.44,0,0,2022,6,2022-06,749
19293.66,27469.37,939.11,223.2,329.86,609.43,3.90218421052632,6.0,341.545335084434,102.032380952381,1736.37142857143,177.987942182027,5.15625,2.53125,3.91604166666667,34.2857142857143,43.1899641577061,-1.09,4130.2900390625,21.329999923706055,4.803367328410424,4.9905974024513355,8.859342816321103,1.2397318703208704,-0.042433244051931496,12.82220366663216,4.054280552153866,-18.626854152471406,-11.641536157000587,-5.515527518613794,-0.250786560058458,8.720138468971683,0.5,-0.19374999999999964,-0.06875000000000009,0.1035416666666702,0.17019082001029773,0.0,0.0,-1.09,0,0,2022,7,2022-07,750
18853.05,27077.17,918.78,226.14,314.66,614.21,3.87379545454545,6.5,361.802037639144,93.6591304347826,1765.02826086957,179.134712364663,5.1,2.5,3.88333333333333,35.5633802816901,44.3859649122807,-0.93,3955.0,25.8700008392334,-2.3101840015682384,-1.4380628321092104,-2.1885915191940164,1.3086045999942897,-4.717563120772894,0.7812795126261207,-0.7301686303594623,5.7616781884883395,-8.562830378479358,1.6369152178108415,0.642229838776931,-4.336703066340597,0.5,-0.056250000000000355,-0.03125,-0.03270833333334,1.277665995975802,1.196000754574598,0.0,-0.93,0,0,2022,8,2022-08,751
19448.06,27839.04,902.42,226.52,328.49,619.94,3.89770454545455,6.75,350.840296578184,84.3959090909091,1682.13409090909,182.374711989312,4.89375,2.56875,3.9375,36.525974025974,44.8387096774194,-1.12,3585.6201171875,31.6200008392334,3.1072617640468536,2.7748414699892976,-1.7966659436408072,0.1678964738506039,4.301370524873427,0.9285809946899981,0.6153037725530996,-3.0766080474069923,-10.414298949675338,-4.810342259676315,1.7925321784336923,-9.804916662099217,0.25,-0.20624999999999982,0.06875000000000009,0.054166666666669805,0.9625937442839003,0.45274476513870354,0.0,-1.12,0,0,2022,9,2022-09,752
21095.21,29335.64,1063.49,237.74,338.46,618.98,3.97871428571429,7.0,345.692464989787,87.5547619047619,1664.44523809524,183.291728001538,4.78125,2.35416666666667,3.95625,35.7394366197183,43.9024390243902,-1.3,3871.97998046875,25.8799991607666,8.129867833317661,5.2363806969003335,16.42311880624172,4.834439830687387,2.989952091892789,-0.15497371777595248,2.0570921549136756,-1.4781574114984153,3.6745518000734556,-1.0571401905441924,0.5015598011326894,7.68345644688555,0.25,-0.11249999999999982,-0.21458333333333002,0.018749999999999822,-0.7865374062557038,-0.9362706530292044,0.0,-1.3,0,0,2022,10,2022-10,753
22455.13,30615.22,1071.78,237.03,399.62,887.14,3.87730952380952,7.25,364.232611626193,84.0777272727273,1726.44772727273,180.809032415482,4.68333333333333,2.32916666666667,3.94354166666667,37.9310344827586,42.7835051546392,-1.1,4080.110107421875,20.579999923706055,6.247309538705004,4.269411184196592,0.7764865007668043,-0.29909241497270145,16.61081785920473,35.99298432702032,-2.581723190750096,5.224315615958819,-4.052275227138136,3.657408310784138,-1.3637620870166955,5.235797609764958,0.25,-0.09791666666666998,-0.02499999999999991,-0.012708333333329769,2.1915978630403004,-1.1189338697509967,0.0,-1.1,0,0,2022,11,2022-11,754
21330.33,30116.24,955.13,245.02,393.36,774.16,3.829175,7.5,379.288785659567,76.5795454545455,1797.54090909091,197.935840561143,4.3,2.5,3.9,42.3636363636364,47.1014492753623,-0.7,3839.5,21.670000076293945,-5.138909234848121,-1.6432709782085553,-11.522863981792408,3.315312446327301,-1.5788872468302628,-13.62242346824214,-1.2492116118689278,4.050517590725011,-9.341168520166221,4.035360854954462,9.050153585258602,-6.078182537666876,0.25,-0.3833333333333302,0.17083333333332984,-0.04354166666667014,4.4326018808778045,4.317944120723098,0.0,-0.7,0,0,2022,12,2022-12,755
22416.72,30877.28,954.52,241.06,462.58,943.53,3.83278571428571,7.75,406.296087888575,78.2963636363636,1894.06818181818,164.747248759875,4.62291666666666,2.31041666666666,3.8775,31.8840579710145,39.7482014388489,-0.17,4076.60009765625,19.399999618530273,4.967710546221227,2.495607723355775,-0.06388605459086705,-1.6293974705827274,16.209429186366897,19.784959023280457,0.09425040632915493,6.8784291947540765,2.2171150024557384,5.230742372760755,-18.353046685467955,5.992118183434947,0.25,0.32291666666665986,-0.18958333333333988,-0.022499999999999964,-10.479578392621903,-7.353247836513397,0.0,-0.17,0,0,2023,1,2023-01,756
21576.43,29872.11,900.12,227.32,443.11,1022.59,3.840875,7.75,406.201039154537,76.8065,1853.431,162.489203079216,4.29166666666667,2.19166666666667,3.85583333333333,41.4855072463768,44.0,0.47,3970.14990234375,20.700000762939453,-3.8205593802972615,-3.3095369204762193,-5.868050855547047,-5.868714873127612,-4.300146874755484,8.046574279787322,0.21083258725949072,-0.02339669429174407,-1.921188850365052,-2.168847691635367,-1.380091678540829,-2.6459478859793606,0.0,-0.33124999999999005,-0.11874999999999014,-0.021666666666670054,9.601449275362299,4.251798561151098,0.47,0.0,0,0,2023,2,2023-02,757
21898.03,30086.2,924.49,229.67,454.64,996.76,3.77960869565217,7.75,400.781399189704,73.2778260869565,1915.33565217391,172.699133230943,4.3,2.125,3.83375,42.9090909090909,46.5454545454545,1.53,4109.31005859375,18.700000762939453,1.479516324823038,0.7141325692987976,2.671414634148128,1.0284779599402327,2.568785076906721,-2.5583884786257727,-1.6079720621550164,-1.3432067890342125,-4.703121790701736,3.285436651270235,6.093940923798513,3.4451292698264524,0.0,0.008333333333330195,-0.06666666666666998,-0.02208333333332968,1.4235836627141012,2.545454545454497,1.53,0.0,1,0,2023,3,2023-03,758
21822.57,30318.89,932.61,231.97,439.47,1126.8,3.76561111111111,7.75,399.896105812783,79.509,2001.641,172.353130034136,4.25,2.11666666666667,3.815,43.9338235294118,46.1538461538462,2.11,4169.47998046875,15.779999732971191,-0.34519231177227994,0.770435574162498,0.8744872916407687,0.9964556931855384,-3.393644157907705,12.262701718511071,-0.3710322815685396,-0.22113615835488432,8.16121687180642,4.407446157350492,-0.20055124954350134,1.4536177649562276,0.0,-0.04999999999999982,-0.008333333333330195,-0.018750000000000266,1.024732620320897,-0.39160839160829397,2.11,0.0,1,0,2023,4,2023-04,759
21178.83,29367.42,926.5,226.77,392.47,1099.5,3.68870454545455,7.75,374.364581088165,71.6117391304348,1991.18,177.719176835292,4.2125,2.18125,3.76041666666667,44.5054945054945,47.4545454545455,2.45,4179.830078125,17.940000534057617,-2.994265746646896,-3.1885053992922963,-0.6573061302019845,-2.2671764987983956,-11.310935422950408,-2.4526226007401952,-2.0634837068734146,-6.5974639568866955,-10.461120793672674,-0.5239916307486325,3.0659192534665536,0.2479271433271535,0.0,-0.037499999999999645,0.0645833333333301,-0.054583333333329875,0.5716709760827001,1.3006993006993,2.45,0.0,1,0,2023,5,2023-05,760
22329.75,29866.15,1043.93,229.39,423.2,1061.68,3.65104761904762,7.75,380.392873482034,70.3190909090909,1941.1,177.192993277921,3.825,2.15,3.75,42.7777777777778,44.6691176470588,2.57,4450.3798828125,13.59000015258789,5.291777223431282,1.6839835443578366,11.93336706608017,1.148732379384132,7.5384779363805166,-3.500297186582202,-1.0261179390301356,1.597445788741414,-1.8215689483835007,-2.547260513143801,-0.2965150181946541,6.271886491464329,0.0,-0.3875000000000002,-0.03125,-0.010416666666670071,-1.7277167277166967,-2.7854278074867054,2.57,0.0,1,0,2023,6,2023-06,761
23509.38,31359.01,1091.4,235.19,483.75,1071.88,3.6013,7.75,383.070640061564,75.7666666666667,1949.20142857143,176.179873816439,3.57291666666667,1.92708333333333,3.72479166666667,44.4852941176471,45.4212454212454,2.92,4588.9599609375,13.630000114440918,5.147962035899489,4.877589405034755,4.446883836591553,2.497008634775977,13.372336379990202,0.9561556937462967,-1.3719253941256282,0.7014814755552656,7.461511681098454,0.41649421934479847,-0.5734012606374961,3.0663950907703352,0.0,-0.2520833333333301,-0.22291666666666998,-0.025208333333329946,1.7075163398693007,0.7521277741866044,2.92,0.0,1,0,2023,7,2023-07,762
23133.53,31180.24,1014.64,245.11,480.71,1058.79,3.69634090909091,7.75,378.888668627061,81.3860869565218,1918.16695652174,179.244835514059,3.35833333333333,1.96666666666667,3.7375,44.0647482014389,46.7741935483871,2.9,4507.66015625,13.569999694824219,-1.6116410198103281,-0.5717065264519761,-7.292740599295744,4.131339126158995,-0.6304066664824859,-1.2287369412437243,2.6048495445734954,-1.097699937196861,7.154589429924041,-1.6049745019595107,1.7247183965778845,-1.7875203842994125,0.0,-0.21458333333334023,0.039583333333339965,0.012708333333329769,-0.4205459162081979,1.3529481271417012,2.9,0.0,1,0,2023,8,2023-08,763
22528.4,30476.7,950.32,240.88,466.47,1080.74,3.72966666666667,7.5,375.159773053998,89.1902380952381,1919.15476190476,180.721017976619,3.378125,1.94375,3.7725,40.4059040590406,42.8308823529412,2.68,4288.0498046875,17.520000457763672,-2.6506344749614996,-2.2822103601290777,-6.549037877788955,-1.7408205201907556,-3.0070468141332185,2.0519245017233345,0.89754773234898,-0.9890414895651567,9.156725871332583,0.05148410674538084,0.8201837610349649,-4.994616792328266,-0.25,0.019791666666669983,-0.022916666666669805,0.03500000000000014,-3.6588441423983014,-3.943311195445901,2.68,0.0,1,0,2023,9,2023-09,764
21817.42,29084.65,927.11,233.29,452.46,1055.74,3.84440909090909,7.25,360.136881972864,85.5118181818182,1916.59090909091,182.041114444157,3.32916666666667,1.8625,3.82083333333333,38.6973180076628,41.4448669201521,2.28,4193.7998046875,18.139999389648438,-3.2068002232467308,-4.67519136445631,-2.472654910357708,-3.2016569330931333,-3.0494348095223778,-2.340404884143865,3.0301044521394482,-4.086780982499949,-4.211700446359412,-0.13368212679258917,0.7278060065789127,-2.2224841001403206,-0.25,-0.04895833333332966,-0.08125000000000004,0.04833333333333023,-1.7085860513778002,-1.386015432789101,2.28,0.0,1,0,2023,10,2023-10,765
21934.44,29186.35,903.03,234.29,455.64,974.84,3.76188095238095,7.0,370.906608191847,77.5836363636363,1985.71045454545,182.076781161936,3.14583333333333,2.05833333333333,3.79875,37.5925925925926,41.6058394160584,2.01,4567.7998046875,12.920000076293945,0.5349271050002713,0.34905906286581967,-2.6316445421217693,0.427734943600111,0.7003662589100124,-7.972386686236899,-2.170082306922483,2.9466114092701723,-9.729805738935404,3.542872204558112,0.019590752513654053,8.542444820075268,-0.25,-0.18333333333334023,0.19583333333332997,-0.022083333333330124,-1.1047254150701988,0.16097249590630014,2.01,0.0,1,0,2023,11,2023-11,766
25960.01,33008.24,1068.91,243.12,571.95,1017.68,3.73368421052632,6.75,381.203351453226,71.9661904761905,2035.70619047619,196.064002329094,2.825,2.25,3.79,41.1764705882353,44.1605839416058,1.67,4769.830078125,12.449999809265137,16.849927272647136,12.305609304244314,16.863894119175438,3.699548432998956,22.734855093997197,4.300745088051006,-0.7523615430608421,2.738266261439204,-7.516010133920137,2.4866019329381928,7.401267579360393,4.327903543160794,-0.25,-0.32083333333332975,0.19166666666666998,-0.008750000000000036,3.5838779956426947,2.554744525547399,1.67,0.0,1,0,2023,12,2023-12,767
26934.0,34550.66,1100.77,260.64,584.32,1003.66,3.73980952380952,6.5,378.750618773954,74.0013043478261,2033.53217391304,167.763729071427,2.6375,2.29166666666667,3.77666666666667,43.8432835820895,45.7564575645756,1.34,4845.64990234375,14.350000381469727,3.683215198402401,4.566942551378617,2.9370497252490857,6.958499624519732,2.1397202994865694,-1.3872208367915917,0.16392104877598346,-0.6454973042559153,2.7886287359997652,-0.10685128642347053,-15.588453346699715,1.5770693886427267,-0.25,-0.1875,0.04166666666667007,-0.013333333333330089,2.666812993854201,1.5958736229697976,1.34,0.0,1,0,2024,1,2024-01,768
28231.83,36435.74,1247.76,294.5,563.37,1042.44,3.82730952380952,6.25,376.968742642759,77.3633333333333,2025.79190476191,167.627777899434,2.64583333333333,2.50833333333333,3.77125,47.1774193548387,49.203187250996,0.88,5096.27001953125,13.399999618530273,4.70606357911425,5.31235082764816,12.534000884283536,12.213885823790616,-3.6512172078324134,3.7910800579790127,2.312740147397596,-0.47157173000442754,4.443021943609082,-0.38135799861880315,-0.08107013839850907,5.042752831277042,-0.25,0.008333333333329751,0.21666666666666012,-0.005416666666669734,3.3341357727491996,3.4467296864204044,0.88,0.0,0,0,2024,2,2024-02,769
28366.99,35969.59,1202.48,279.44,663.0,1034.46,3.70955263157895,6.25,393.635022459929,81.4057142857143,2166.78142857143,171.991601943114,2.55625,2.64375,3.756875,50.8,51.1904761904762,0.38,5254.35009765625,13.010000228881836,0.4776080382141501,-1.287630180231858,-3.6963852918599827,-5.249140259306451,16.283838429763797,-0.7684567644014706,-3.1250797272388775,4.326186779787289,5.093253180789237,6.728216567091572,2.5699736137786644,3.054742011174305,0.0,-0.08958333333333002,0.13541666666666963,-0.014375000000000249,3.6225806451612996,1.9872889394801945,0.38,0.0,0,0,2024,3,2024-03,770
29184.35,35669.86,1197.15,276.09,750.47,973.94,3.71315909090909,6.0,428.56232255724,85.3472727272727,2334.16272727273,181.884033744884,2.61666666666667,2.70833333333333,3.76583333333333,50.0,49.8141263940521,-0.38,5035.68994140625,15.649999618530273,2.8406461491679025,-0.8367784758762653,-0.44423588348427856,-1.20607009797018,12.392468673759893,-6.028513031344929,0.09717364081387458,8.501202995608104,4.728302412886443,7.441039790991333,5.592365705790137,-4.250577768147856,-0.25,0.060416666666669894,0.0645833333333301,0.00895833333333007,-0.7999999999999972,-1.376349796424094,0.0,-0.38,0,0,2024,4,2024-04,771
30220.4,38561.76,1238.77,289.88,762.91,1024.35,3.73097727272727,5.75,458.925043106757,79.9573913043479,2349.48086956522,187.861455834207,2.55833333333333,2.71666666666667,3.76041666666667,47.5285171102662,51.5094339622641,-0.78,5277.509765625,12.920000076293945,3.488458633155389,7.795503735799159,3.4175219831506176,4.8740144722206225,1.6440391964649415,5.046384397284243,0.4787181474438684,6.845072094379567,-6.523461065181291,0.6541145410967175,3.233544733906779,4.690380530436045,-0.25,-0.05833333333333979,0.008333333333339965,-0.005416666666659964,-2.4714828897337995,1.6953075682119945,0.0,-0.78,0,0,2024,5,2024-05,772
29895.87,38727.32,1244.26,286.44,732.12,1055.86,3.78463157894737,5.75,437.335623793388,79.9125,2327.9425,177.84964450269,2.525,2.825,3.7725,50.3703703703704,50.5535055350554,-0.97,5460.47998046875,12.4399995803833,-1.0796849258452923,0.4284182273277537,0.44220238547953983,-1.1937954102341664,-4.119563393634973,3.0297335644480228,1.4278342266768718,-4.818597379190859,-0.0561597998991914,-0.9209566933182423,-5.476625457413586,3.4082343238882373,0.0,-0.033333333333330106,0.10833333333333028,0.012083333333329893,2.8418532601042017,-0.955928427208697,0.0,-0.97,0,0,2024,6,2024-06,773
29537.12,38375.36,1283.37,290.52,696.93,1070.1,3.7644,5.75,426.084955193297,81.9478260869565,2394.87391304348,184.739893585405,2.48541666666667,2.9125,3.76666666666667,51.1363636363636,51.5037593984962,-0.72,5522.2998046875,16.360000610351562,-1.2072566337758772,-0.9129707156681377,3.0948454957706595,1.4143330599227788,-4.925945965077805,1.3396501313267528,-0.5360059015233842,-2.606216643149306,2.5150491435272926,2.8345753314725997,3.8010355608589563,1.1257710402409415,0.0,-0.03958333333332975,0.08749999999999991,-0.005833333333329804,0.7659932659931954,0.9502538634407998,0.0,-0.72,0,0,2024,7,2024-07,774
28441.73,36980.54,1317.92,278.74,644.66,1052.18,3.741325,5.5,406.81050641667,76.6831818181818,2471.99227272727,186.36135917895,2.44166666666667,2.91666666666667,3.77416666666667,51.9305019305019,52.4904214559387,-0.65,5648.39990234375,15.0,-3.779034452601593,-3.7023758630656545,2.6565305558802876,-4.139297304660339,-7.796192927095813,-1.6887899710094523,-0.6148659242847909,-4.629126089930047,-6.640036545175398,3.16938301049996,0.8738725078925036,2.2577897117514567,-0.25,-0.04375000000000018,0.0041666666666699825,0.00749999999999984,0.7941382941382997,0.9866620574425014,0.0,-0.65,0,0,2024,8,2024-08,775
29942.23,38432.31,1377.22,289.31,725.78,1054.79,3.76821428571429,5.25,419.777062976675,70.44,2571.43666666667,187.029143584624,2.425,2.925,3.77625,51.7716535433071,55.3359683794466,-0.5,5762.47998046875,16.729999542236328,5.141242561360215,3.850668371968524,4.401223838497881,3.721932988759047,11.852389256878126,0.24774926410993103,0.7161398219150072,3.1376277091582416,-8.49211284483582,3.9440343312876713,0.35768725380096456,1.9995632287754361,-0.25,-0.01666666666667016,0.008333333333329751,0.0020833333333301063,-0.15884838719479433,2.8455469235078965,0.0,-0.5,0,0,2024,9,2024-09,776
30470.47,39851.75,1430.61,299.71,700.72,1088.39,3.75359090909091,5.25,432.692612805238,72.164347826087,2691.56391304348,189.015297801315,2.45416666666667,2.8875,3.77916666666667,51.7374517374517,53.4749034749035,-0.34,5705.4501953125,23.15999984741211,1.7488159371115586,3.6267806892173127,3.8033952146030003,3.531656288704088,-3.5138560743972924,3.1357845104318827,-0.38882674220948044,3.030380684527767,2.4184842890059954,4.5657648007202845,1.0563499774155716,-0.9946041598549726,0.0,0.029166666666670338,-0.037499999999999645,0.002916666666669787,-0.03420180585540322,-1.861064904543099,0.0,-0.34,0,0,2024,10,2024-10,777
29485.3,39196.66,1443.58,299.98,655.68,825.36,3.77885,5.0,411.625360017887,69.9414285714286,2649.60952380952,190.055398147607,2.44583333333333,2.95416666666667,3.79354166666667,50.5769230769231,53.0534351145038,-0.1,6032.3798828125,13.510000228881836,-3.2866183821067096,-1.657477986734257,0.9025212695458862,0.0900465301218567,-6.643551280429882,-27.663516427615864,0.6706772982372211,-4.991395943867083,-3.128796942045309,-1.5710125355964166,0.5487646328564466,5.571971402949671,-0.25,-0.008333333333339965,0.06666666666666998,0.014375000000000249,-1.1605286605285983,-0.42146836039970026,0.0,-0.1,0,0,2024,11,2024-11,778
28960.95,38561.67,1400.3,284.31,617.52,778.69,3.73489473684211,5.0,404.306470331104,70.09,2638.55909090909,205.997040254343,2.45,2.95,3.8,50.0,51.4056224899598,-0.11,5881.6298828125,17.350000381469727,-1.7943463218907496,-1.633276115154736,-3.0439640057674744,-5.365061361700008,-5.996140840893638,-5.820663420765193,-1.1700095258505794,-1.7940435016332579,0.2121973414620726,-0.41793103775695783,8.05462021286214,-2.530769218774509,0.0,0.0041666666666699825,-0.0041666666666699825,0.00645833333332968,-0.5769230769231015,-1.6478126245439952,0.0,-0.11,0,0,2024,12,2024-12,779
28984.27,37966.78,1419.26,283.6,616.01,769.36,3.74775,4.75,406.680076198312,75.6452173913044,2707.51130434783,175.149836073771,2.36979166666667,2.89583333333333,3.768125,52.5925925925926,54.3636363636364,0.0,6040.52978515625,16.43000030517578,0.08048981869102079,-1.5547211077963752,1.344910963926793,-0.2500397492241291,-0.24482594736108254,-1.2054020180242375,0.34360246297173713,0.5853642467982922,7.627408751617359,2.5796905824298832,-16.22199872650354,2.6657806419668972,-0.25,-0.0802083333333301,-0.05416666666667025,-0.031874999999999876,2.5925925925926023,2.958013873676599,0.0,0.0,0,0,2025,1,2025-01,780
28546.83,38062.61,1379.24,283.93,598.88,743.96,3.6977,4.75,423.175165976027,71.509,2896.1255,172.37391304698,2.275,3.03333333333333,3.75583333333333,54.5454545454545,54.5454545454545,0.45,5954.5,19.6299991607666,-1.5207372371380146,0.25208685943205467,-2.8602986191944346,0.1162934249084202,-2.8201953011868675,-3.357173045730022,-1.3444655168554975,3.975937451743583,-5.6230902124053905,6.7343934137853445,-1.5975783376689812,-1.4344484648482592,0.0,-0.09479166666667016,0.13750000000000018,-0.012291666666670142,1.9528619528618947,0.18181818181809462,0.45,0.0,0,0,2025,2,2025-02,781
30089.72,39925.54,1427.56,288.81,646.73,748.4,3.65259523809524,4.75,441.393979566908,68.2390476190476,2986.97333333333,180.203241529788,2.275,3.075,3.75375,53.9344262295082,56.3311688311688,0.72,5611.85009765625,22.280000686645508,5.2637688519162396,4.778378392014027,3.443407036145274,1.7041303550928255,7.686765258184813,0.5950324453007916,-1.2273065669553551,4.2151657034107615,-4.680636916287462,3.088680239920638,4.441930317675791,-5.926678538017782,0.0,0.0,0.04166666666667007,-0.002083333333329662,-0.6110283159462995,1.785714285714306,0.72,0.0,0,0,2025,3,2025-03,782
30107.15,38829.43,1531.17,284.4,613.81,740.03,3.6997,4.75,416.584391195284,63.6063636363636,3227.94954545455,184.247932889231,2.2875,2.96666666666667,3.75166666666667,52.1311475409836,55.0819672131148,0.46,5569.06005859375,24.700000762939453,0.05790998929722235,-2.7837755105446504,7.006545585975754,-1.5387334528899288,-5.224346273326752,-1.1246868482923666,1.2813796209670825,-5.784879332633874,-7.030342422525937,7.758650838597525,2.219697842810131,-0.7654161847847618,0.0,0.012500000000000178,-0.10833333333333028,-0.0020833333333301063,-1.8032786885245997,-1.249201618054002,0.46,0.0,0,0,2025,4,2025-04,783
31315.52,39854.9,1666.09,294.5,630.28,728.18,3.66014285714286,4.5,432.080756134859,62.2004545454545,3289.75181818182,191.660772020334,2.26666666666667,2.94583333333333,3.74729166666667,53.9655172413793,55.8620689655172,0.18,5911.68994140625,18.56999969482422,3.935113622560138,2.606689451705435,8.444741484605167,3.4897305162555625,2.647873108914567,-1.6142455534994937,-1.074955662405741,3.6523445272303334,-2.235121499305226,1.8965006723759004,3.944468502765286,5.970544763775365,-0.25,-0.02083333333332993,-0.0208333333333397,-0.004375000000000018,1.8343697003957047,0.7801017524024019,0.18,0.0,0,0,2025,5,2025-05,784
32725.65,41396.4,1735.26,291.78,691.23,728.73,3.60390476190476,4.5,446.050861278393,68.5366666666667,3352.66428571429,186.635508640391,2.275,2.925,3.72,52.9032258064516,55.1612903225806,0.11,6204.9501953125,16.729999542236328,4.404535278900923,3.7948561747324305,4.0677694185148106,-0.9278909447892225,9.230845423190548,0.07550226522266001,-1.5484264925470281,3.182047798772647,9.700657433923432,1.8943212185856595,-2.6569433848966817,4.841565544762005,0.0,0.008333333333329751,-0.020833333333330373,-0.027291666666669823,-1.062291434927701,-0.700778642936605,0.11,0.0,0,0,2025,6,2025-06,785
33440.29,42255.27,1840.11,304.04,662.53,742.01,3.5562,4.5,443.532484485297,68.3795652173913,3340.15304347826,191.299345383626,2.19166666666667,2.90833333333333,3.66291666666667,54.5454545454545,57.2131147540984,0.17,6339.39013671875,16.719999313354492,2.1602286338541887,2.053515922379745,5.866809436335263,4.115917805409097,-4.240677947174998,1.8059427131271732,-1.332535469261109,-0.5661939452522802,-0.2294856001508805,-0.3738711575147491,2.46818913734419,2.1435178792463816,0.0,-0.08333333333332993,-0.016666666666669716,-0.057083333333330266,1.6422287390028956,2.051824431517801,0.17,0.0,0,0,2025,7,2025-07,786
34937.73,44675.89,1959.68,304.59,693.44,733.26,3.5432,4.5,437.522244656037,64.8642857142857,3368.02666666667,192.259688760132,2.18333333333333,2.91666666666667,3.66833333333333,54.4326241134752,55.7894736842105,-0.01,6460.259765625,15.359999656677246,4.3805873650205385,5.570490275107609,6.2955842164392095,0.1807338283400739,4.559887849399402,-1.186237448755012,-0.36622854128589566,-1.3643495373215409,-5.277685078036853,0.8310386665593583,0.5007549283308599,1.8886957507387336,0.0,-0.008333333333339965,0.008333333333339965,0.005416666666659964,-0.11283043197929743,-1.4236410698878998,0.0,-0.01,0,0,2025,8,2025-08,787
38054.76,,,,,,3.50281818181818,4.25,451.448119634049,63.9772727272727,3667.68227272727,195.244586662391,2.1625,2.98125,3.60625,55.6313993174061,57.9391891891892,-0.22,6688.4599609375,16.280000686645508,8.545884096015044,,,,,,-1.146243432171845,3.1332910141720127,-1.376926842499504,8.523291524338461,1.5406059387265358,3.4714119098081753,-0.25,-0.02083333333332993,0.0645833333333301,-0.062083333333329715,1.1987752039309,2.149715504978701,0.0,-0.22,0,0,2025,9,2025-09,788
38599.28,,,,,,3.41409090909091,4.25,485.163389830551,60.8447826086956,4058.33086956522,196.909184390464,2.19166666666667,2.975,3.53333333333333,55.8922558922559,57.0469798657718,-0.42,6840.2001953125,17.440000534057617,1.4207448409020884,,,,,,-2.5656586965528305,7.202526087769634,-5.0201832743629105,10.121184396321148,0.8489566331431497,2.2433352045496235,0.0,0.029166666666669894,-0.006250000000000089,-0.07291666666667007,0.26085657484980374,-0.8922093234173971,0.0,-0.42,0,0,2025,10,2025-10,789
38978.53,,,,,,3.37285,4.25,489.914917863946,60.0435,4087.1915,193.075763031832,2.1625,3.01458333333333,3.49166666666667,58.17843866171,58.3333333333333,-0.5,6849.08984375,16.350000381469727,0.9777358274236647,,,,,,-1.2153168046456386,0.9746018563054903,-1.3256774375341784,0.7086286157242938,-1.9659963061691599,0.12987743939572027,0.0,-0.029166666666669894,0.03958333333332975,-0.0416666666666603,2.2861827694540935,1.2863534675614972,0.0,-0.5,0,0,2025,11,2025-11,790
43464.77,,,,,,3.36673684210526,4.25,537.182546622127,58.0047826086957,4316.63391304348,214.526622670965,2.125,3.0,3.4375,55.3082191780822,56.6552901023891,-0.51,6845.5,14.949999809265137,10.893974318177158,,,,,,-0.18141051416000753,9.210623557123299,-3.4543833619060216,5.461785236776606,10.535117923801707,-0.0524271828975742,0.0,-0.03750000000000009,-0.01458333333332984,-0.054166666666669805,-2.8702194836277997,-1.6780432309441977,0.0,-0.51,0,0,2025,12,2025-12,791
52927.0,,,,,,3.35675,4.25,592.495761158643,59.8818181818182,4733.055,181.727823593049,2.025,3.07291666666667,3.365625,56.5298507462687,58.5501858736059,-0.06,6939.02978515625,17.440000534057617,19.696288072836055,,,,,,-0.29707351808678784,9.800574423416819,3.1847456930779394,9.209495965653502,-16.59237527077506,1.3570462244290482,0.0,-0.10000000000000009,0.07291666666667007,-0.07187499999999991,1.2216315681865026,1.8948957712167953,0.0,-0.06,0,0,2026,1,2026-01,792
57528.69,,,,,,3.356975,4.25,588.21065337895,64.4355,5019.969,178.717924011079,2.1375,3.14166666666667,3.38125,50.1893939393939,54.0076335877863,0.42,6878.8798828125,19.860000610351562,8.33701742561832,,,,,,0.006702687407789121,-0.7258581034264466,7.329180061986662,5.88528869925149,-1.6701373594968594,-0.8706133376069403,0.0,0.11250000000000027,0.06875000000000009,0.015625,-6.340456806874798,-4.542552285819596,0.42,0.0,0,0,2026,2,2026-02,793
52502.51,,,,,,3.44677272727273,4.25,566.944077989914,91.3836363636364,4855.53863636364,186.092156982542,2.51875,2.99375,3.3925,52.0220588235294,55.0,0.96,6528.52001953125,25.25,-9.142280190908103,,,,,,2.6398081029963993,-3.6824466806849365,34.94017057429923,-3.3303718128278703,4.043329927783557,-5.227555661610062,0.0,0.38124999999999964,-0.14791666666667025,0.011249999999999982,1.8326648841354967,0.9923664122136984,0.96,0.0,0,0,2026,3,2026-03,794
51296.62,,,,,,3.442675,4.25,581.673459459889,100.903636363636,4719.39136363636,191.263933498313,2.81666666666667,3.00833333333333,3.44083333333333,44.589552238806,51.1111111111111,1.34,7209.009765625,16.889999389648438,-2.3236114912034367,,,,,,-0.11895663972374404,2.564855307481295,9.90995367818428,-2.8440197356706776,2.741230628828628,9.91513257212322,0.0,0.29791666666667016,0.014583333333330284,0.04833333333332979,-7.432506584723399,-3.8888888888889,1.34,0.0,1,0,2026,4,2026-04,795
55033.6,,,,,,3.434825,4.25,611.432800983067,102.049047619048,4587.20952380952,195.817894165455,2.89166666666667,3.06666666666667,3.4775,46.2121212121212,50.0,1.98,7580.06005859375,15.319999694824219,7.031904472787254,,,,,,-0.22828072436202884,4.989583293750766,1.1287590725921781,-2.8407950585423336,2.3530790992245976,5.01895228551934,0.0,0.07500000000000018,0.05833333333333979,0.03666666666667018,1.6225689733151967,-1.1111111111111,1.98,0.0,1,0,2026,5,2026-05,796
