date_str,year,month,stata_tm,bvl_general,ret_bvl_general,icen,icen_calido,icen_frio,dummy_nino,exp_inflacion_12m,d_exp_inflacion_12m,exp_emp_economia_3m,d_exp_emp_economia_3m,tc_pen_usd,ret_tc_pen_usd,tasa_ref,d_tasa_ref,cobre_lme,ret_cobre_lme,petroleo_wti,ret_petroleo_wti,pbi_indice,ret_pbi_indice,sp500,ret_sp500,vix,dummy_crisis2008,dummy_covid
2004-01,2004,1,528,2730.0,,0.02,0.02,0.0,0,2.40833333333333,,54.5171339563863,,3.46716666666667,,2.5,,109.622967997912,,34.185,,75.9132669251778,,1131.1300048828125,,16.6299991607666,0,0
2004-02,2004,2,529,2748.11,0.6611793474172067,-0.27,0.0,-0.27,0,2.45833333333333,0.04999999999999982,57.2327044025157,2.715570446129398,3.4835,0.46997976398448493,2.5,0.0,124.815807476527,12.979219580287982,34.723,1.5615340223603447,74.0974359154403,-2.4210535252032095,1144.93994140625,1.2135045336105321,14.550000190734863,0,0
2004-03,2004,3,530,3035.72,9.953522599524067,-0.39,0.0,-0.39,0,2.575,0.11666666666667025,56.514657980456,-0.7180464220597003,3.4650847826087,-0.5300434860174397,2.5,0.0,136.090531263521,8.648122494416555,36.7434782608696,5.655845603192722,78.6354629791467,5.944185195069274,1126.2099609375,-1.649420417864178,16.739999771118164,0,0
2004-04,2004,4,531,2827.74,-7.097082262369536,-0.89,0.0,-0.89,0,2.63333333333333,0.05833333333333002,57.8635014836795,1.3488435032234989,3.46965,0.13166236904205153,2.5,0.0,132.899473051842,-2.3727334616738815,36.7656818181818,0.06041031611179193,84.0944721319617,6.711805449188013,1107.300048828125,-1.6933314713064362,17.190000534057617,0,0
2004-05,2004,5,532,2926.83,3.4442120035120816,-1.01,0.0,-1.01,0,2.61666666666667,-0.01666666666666039,56.2314540059347,-1.6320474777447984,3.4872380952381,0.5056321869582048,2.5,0.0,124.052114515244,-6.88912450523409,40.2738095238095,9.113651915498844,86.5105702285255,2.832577053040719,1120.6800537109375,1.2011028036096327,15.5,0,0
2004-06,2004,6,533,2885.9,-1.408311636100379,-1.11,0.0,-1.11,0,2.7,0.08333333333333037,56.2080536912752,-0.023400314659504318,3.47716666666667,-0.2892260268181568,2.5,0.0,121.973051285306,-1.6901626432397343,38.0445454545454,-5.694364795432749,83.2874590103565,-3.796861990369571,1140.8399658203125,1.7829111362111405,14.34000015258789,0,0
2004-07,2004,7,534,2825.45,-2.1169165768530007,-0.86,0.0,-0.86,0,2.89166666666667,0.19166666666666998,57.3469387755102,1.1388850842350067,3.4413,-1.0368478946488402,2.5,0.0,127.767693869484,4.64135941345809,40.6686363636364,6.669946808052218,82.1067513163865,-1.4277739821974222,1101.719970703125,-3.4892234847166748,15.319999694824219,0,0
2004-08,2004,8,535,2850.68,0.8889918363998106,-0.62,0.0,-0.62,0,2.98333333333333,0.09166666666665968,62.3100303951368,4.963091619626596,3.39545238095238,-1.3412305663459412,2.75,0.25,128.954765731373,0.9247966259521512,44.9031818181818,9.905146672132537,77.5146229152149,-5.7553644582246655,1104.239990234375,0.2284738319904278,15.289999961853027,0,0
2004-09,2004,9,536,3278.8,13.991993948456738,-0.32,0.0,-0.32,0,2.75,-0.23333333333332984,61.7241379310345,-0.5858924641023009,3.35759090909091,-1.121327583783449,2.75,0.0,131.685598004187,2.0955558584331513,45.845,2.0757484716949826,77.4025938277684,-0.14463093170720143,1114.5799560546875,0.9320306218270069,13.34000015258789,0,0
2004-10,2004,10,537,3545.37,7.816502509636791,0.16,0.16,0.0,0,2.8,0.04999999999999982,63.125,1.4008620689655018,3.321025,-1.0950255252569097,3.0,0.25,136.504305176984,3.593890567816338,53.2233333333333,14.923075518163564,79.6324551624725,2.8401445902719757,1130.199951171875,1.3916952102817959,16.270000457763672,0,0
2004-11,2004,11,538,3616.72,1.992501086030174,0.38,0.38,0.0,0,2.5875,-0.2124999999999999,63.2911392405063,0.16613924050629691,3.31016666666667,-0.32749296307310605,3.0,0.0,141.988845701672,3.939234923349133,48.53,-9.231473326637474,82.7195635167179,3.8034396187216934,1173.8199462890625,3.7868776906828217,13.239999771118164,0,0
2004-12,2004,12,539,3710.39,2.556945463487992,0.36,0.36,0.0,0,2.5,-0.08749999999999991,62.9179331306991,-0.3732061098071995,3.28106818181818,-0.8829506021475808,3.0,0.0,142.677481397496,0.48382051094879586,43.2908695652174,-11.424041518836736,85.6503020745209,3.4816617501014058,1211.9200439453125,3.194257321148264,13.289999961853027,0,0
2005-01,2005,1,540,3881.96,4.520318833841763,-0.17,0.0,-0.17,0,2.5,0.0,62.9850746268657,0.06714149616660592,3.26821428571429,-0.39252888150405063,3.0,0.0,143.909740681542,0.8599594002864919,46.9119047619048,8.03297278897972,79.9791610934839,-6.850663720181682,1181.27001953125,-2.5615767695305713,12.819999694824219,0,0
2005-02,2005,2,541,4078.26,4.933024613668557,-0.74,0.0,-0.74,0,2.53333333333333,0.033333333333330106,62.5806451612903,-0.4044294655754044,3.258825,-0.28770447916262043,3.0,0.0,147.285979922369,2.3189836275042452,48.164,2.6340377911417967,80.1344599066734,0.19398582196714642,1203.5999755859375,1.8726898056026897,12.079999923706055,0,0
2005-03,2005,3,542,4158.85,1.9568166884869953,-0.88,0.0,-0.88,0,2.5,-0.033333333333330106,62.6785714285714,0.09792626728110321,3.25930952380952,0.014866947242131445,3.0,0.0,153.138702051889,3.896792157683393,53.9882608695652,11.415477759703885,81.3964129865707,1.5625232903848207,1180.5899658203125,-1.9302760921690698,14.020000457763672,0,0
2005-04,2005,4,543,3986.29,-4.237761996290423,-0.68,0.0,-0.68,0,2.5,0.0,63.7462235649547,1.0676521363832947,3.25795,-0.041720720934113054,3.0,0.0,153.759175099154,0.404352026427901,52.9790476190476,-1.8870124180079717,87.0734470255749,6.742077565369886,1156.8499755859375,-2.0313511500222425,15.3100004196167,0,0
2005-05,2005,5,544,3925.34,-1.5408002098823204,-0.46,0.0,-0.46,0,2.52083333333333,0.02083333333332993,64.2011834319527,0.45495986699800284,3.25488095238095,-0.09424620011355689,3.0,0.0,147.300000050307,-4.291625653765863,49.9163636363636,-5.954762986184425,92.1414551036507,5.65729705081317,1191.5,2.951224448901968,13.289999961853027,0,0
2005-06,2005,6,545,4038.07,2.8313883368369375,-0.46,0.0,-0.46,0,2.475,-0.04583333333332984,63.6094674556213,-0.5917159763314004,3.25276190476191,-0.06512489208314598,3.0,0.0,160.105737495718,8.336313250057259,56.3868181818182,12.188653342157929,88.4557729993011,-4.082226471404216,1191.3299560546875,-0.014272436450557535,12.039999961853027,0,0
2005-07,2005,7,546,4210.83,4.189292285165536,-0.5,0.0,-0.5,0,2.45833333333333,-0.01666666666667016,65.0746268656716,1.4651594100503047,3.25205263157895,-0.02180763746018055,3.0,0.0,163.677728354785,2.2064967220963183,59.0080952380952,4.543923091231683,87.2766006292957,-1.342029409195078,1234.1800537109375,3.5336532271868393,11.569999694824219,0,0
2005-08,2005,8,547,4611.76,9.094978498490391,-0.52,0.0,-0.52,0,2.45,-0.008333333333329751,63.7313432835821,-1.343283582089505,3.25734090909091,0.16248145521853274,3.0,0.0,172.075197616688,5.0032153185582295,64.9852173913043,9.64851773625588,82.9894831129746,-5.036850260329029,1220.3299560546875,-1.1285547502899007,12.600000381469727,0,0
2005-09,2005,9,548,5070.83,9.489494939970733,-0.84,0.0,-0.84,0,2.375,-0.07500000000000018,67.4382716049383,3.7069283213561945,3.30752272727273,1.5288297939654472,3.0,0.0,174.662960041736,1.49265975754318,65.6468181818182,1.0129313907629722,82.0878665294671,-1.0923673671963563,1228.81005859375,0.6924991121192825,11.920000076293945,0,0
2005-10,2005,10,549,4764.35,-6.234339582250925,-1.18,0.0,-1.18,0,2.33333333333333,-0.04166666666667007,64.4736842105263,-2.9645873944119927,3.38078571428571,2.1908653909357367,3.0,0.0,184.105584934734,5.265124990520942,62.2390476190476,-5.330655518663008,84.8027239326644,3.2537447515343487,1207.010009765625,-1.790003390634265,15.319999694824219,0,0
2005-11,2005,11,550,5034.3,5.5113373224427775,-1.23,0.0,-1.23,0,2.41666666666667,0.08333333333334014,63.4615384615385,-1.0121457489877983,3.37607142857143,-0.13954080660771861,3.0,0.0,194.05403405141,5.262722212247617,58.3181818181818,-6.506866674522183,90.4951176179881,6.496823614865566,1249.47998046875,3.4581213954727907,12.0600004196167,0,0
2005-12,2005,12,551,4802.25,-4.7189931608203395,-0.92,0.0,-0.92,0,2.5,0.08333333333332993,56.4327485380117,-7.028789923526801,3.42428571428571,1.4180165128889088,3.25,0.25,207.727782358923,6.809183757557236,59.3622727272727,1.7744974053382379,91.5459266918293,1.1544877136385523,1248.2900390625,-0.09528030899303985,12.069999694824219,0,0
2006-01,2006,1,552,5633.51,15.96481356310342,-0.37,0.0,-0.37,0,2.5,0.0,52.0289855072464,-4.403763030765305,3.39329545454545,-0.9091339706642776,3.5,0.25,214.761556838881,3.3299890835381873,65.21,9.39539460944081,85.6590424919578,-6.646598329627373,1280.0799560546875,2.5147895607580573,12.949999809265137,0,0
2006-02,2006,2,553,6080.68,7.638383811355709,-0.15,0.0,-0.15,0,2.5,0.0,57.2271386430679,5.1981531358215065,3.288725,-3.130160801323112,3.75,0.25,225.661072330475,4.9505818941805835,61.5375,-5.796608632079181,84.6285220854951,-1.2103443834608818,1280.6600341796875,0.04530550834003222,12.34000015258789,0,0
2006-03,2006,3,554,5920.5,-2.669562704060091,-0.52,0.0,-0.52,0,2.5,0.0,53.3625730994152,-3.864565543652702,3.33932608695652,1.5269064586824976,4.0,0.25,232.405941635701,2.9451397396512036,62.6852173913044,1.8478907473259198,91.228692840068,7.509811179038106,1294.8699951171875,1.1034703509450239,11.390000343322754,0,0
2006-04,2006,4,555,7142.92,18.770075154523802,-0.78,0.0,-0.78,0,2.5,0.0,52.5297619047619,-0.8328111946533028,3.33152777777778,-0.2338025353045614,4.25,0.25,289.840991378751,22.08468759459059,69.448,10.245261853192833,91.7780023638019,0.6003181171021943,1310.6099853515625,1.2082366269225986,11.59000015258789,0,0
2006-05,2006,5,556,7211.67,0.9578890888523262,-0.76,0.0,-0.76,0,2.61666666666667,0.1166666666666698,62.2418879056047,9.712126000842801,3.27904090909091,-1.5880017032699367,4.5,0.25,364.327367335383,22.872035725009088,70.8660869565217,2.0213725823099438,97.7619063414799,6.316235220789768,1270.0899658203125,-3.140492932031602,16.440000534057617,0,0
2006-06,2006,6,557,8155.8,12.302878336448408,-0.19,0.0,-0.19,0,2.55,-0.06666666666666998,65.3273809523809,3.0854930467762074,3.26406428571429,-0.4577841586122844,4.5,0.0,327.619463180352,-10.620006263405468,70.9509090909091,0.11962197319936863,95.072899809632,-2.7891031710233882,1270.199951171875,0.008659275533506872,13.079999923706055,0,0
2006-07,2006,7,558,8973.69,9.55676321310932,0.23,0.23,0.0,0,2.52083333333333,-0.029166666666669894,67.34375,2.0163690476190936,3.2431,-0.6443469790282652,4.5,0.0,350.478947972233,6.744788019254155,74.357619047619,4.689792643322654,92.9616001230902,-2.2457457759108124,1276.6600341796875,0.5072989405988437,14.949999809265137,0,0
2006-08,2006,8,559,10011.95,10.948241683165172,0.62,0.62,0.0,0,2.45,-0.07083333333332975,70.0581395348837,2.7143895348836935,3.23438636363636,-0.26904392014373,4.5,0.0,348.584753729258,-0.5419245411031781,73.0430434782609,-1.7837239008338557,91.5547627296281,-1.52492129542674,1303.8199462890625,2.1051056620195574,12.3100004196167,0,0
2006-09,2006,9,560,10390.34,3.7097148798718393,0.91,0.91,0.0,0,2.4,-0.050000000000000266,68.8963210702341,-1.161818464649599,3.24773809523809,0.411956005129821,4.5,0.0,345.757267350106,-0.8144406999858411,64.0571428571429,-13.12733619267954,88.769329600051,-3.0896090077919602,1335.8499755859375,2.426939911430903,11.979999542236328,0,0
2006-10,2006,10,561,10694.54,2.8856802508107293,0.94,0.94,0.0,0,2.425,0.02499999999999991,70.2290076335878,1.332686563353704,3.23745454545455,-0.317139643258435,4.5,0.0,340.07675921081,-1.6565634898762838,58.8931818181818,-8.40502167904189,92.1822066698178,3.772592275938713,1377.93994140625,3.1021812670561033,11.100000381469727,0,0
2006-11,2006,11,562,11482.41,7.108296831603234,0.86,0.86,0.0,0,2.31666666666667,-0.10833333333332984,72.6683937823834,2.439386148795606,3.22209523809524,-0.4755543906345361,4.5,0.0,318.843481625629,-6.4471025350474775,58.9481818181818,0.09334583765232551,94.7874212319493,2.786958731978828,1400.6300048828125,1.6332551131229778,10.90999984741211,0,0
2006-12,2006,12,563,12884.2,11.518545530520896,0.72,0.72,0.0,0,2.15,-0.16666666666667007,72.1884498480243,-0.479943934359099,3.20531578947368,-0.5221227230865377,4.5,0.0,301.441292361915,-5.612505049112926,61.9519047619047,4.969957063566355,99.4183587606666,4.770007935919107,1418.300048828125,1.2536866857911555,11.5600004196167,0,0
2007-01,2007,1,564,13633.78,5.6548782202209935,0.5,0.5,0.0,0,1.9625,-0.1875,72.1153846153846,-0.07306523263970632,3.1925,-0.40063068512876665,4.5,0.0,259.284248035686,-15.065033600398436,54.7147826086957,-12.422443265929495,89.9525619891584,-10.005435002904672,1438.239990234375,1.3961131307326013,10.420000076293945,0,0
2007-02,2007,2,565,15150.74,10.54988389668523,0.05,0.05,0.0,0,1.91666666666667,-0.04583333333332984,72.5067385444744,0.39135392908980293,3.1903,-0.06893526625058044,4.5,0.0,259.370923622029,0.03342320365682383,59.284,8.020553338950354,88.6681022105583,-1.4382232033500308,1406.8199462890625,-2.2088337053377316,15.420000076293945,0,0
2007-03,2007,3,566,17152.82,12.411321593445912,-0.59,0.0,-0.59,0,1.85,-0.06666666666666998,72.9050279329609,0.3982893884865035,3.18561363636364,-0.14700213169618337,4.5,0.0,293.260871704094,12.280338530070267,60.4418181818182,1.9341764283249852,96.7214346263446,8.6934828647947,1420.8599853515625,0.9930511784698837,14.640000343322754,0,0
2007-04,2007,4,567,20674.78,18.67520084010703,-1.22,0.0,-1.22,0,1.9,0.04999999999999982,74.3055555555556,1.4005276225946943,3.17828947368421,-0.23017842310051329,4.5,0.0,350.124713927389,17.722685651529524,63.9904761904762,5.705304338470807,96.6364193147801,-0.08793572674710148,1482.3699951171875,4.237984325324007,14.220000267028809,0,0
2007-05,2007,5,568,20129.5,-2.6728199188735147,-1.54,0.0,-1.54,0,1.94166666666667,0.04166666666667007,71.5425531914894,-2.763002364066196,3.16752272727273,-0.3393342381371012,4.5,0.0,348.836201675989,-0.36869406636466096,63.5039130434783,-0.7632736030641851,104.746678845017,8.058917105513963,1530.6199951171875,3.2030723851896425,13.050000190734863,0,0
2007-06,2007,6,569,22365.9,10.535107673004873,-1.46,0.0,-1.46,0,1.975,0.033333333333330106,71.9251336898396,0.3825804983501939,3.1702,0.08448690489417654,4.5,0.0,340.840110014208,-2.3188994124319073,67.4890476190476,6.08638004857367,101.254568601752,-3.3907025801490853,1503.3499755859375,-1.7976943869676631,16.229999542236328,0,0
2007-07,2007,7,570,23418.17,4.597473924947693,-1.26,0.0,-1.26,0,2.05833333333333,0.08333333333332993,70.1704545454545,-1.7546791443850935,3.16090909090909,-0.29350041602560495,4.75,0.25,362.008981409418,6.025554030778668,73.9945454545455,9.202605319601798,102.545139242961,1.2665257535252827,1455.27001953125,-3.250447118036437,23.520000457763672,0,0
2007-08,2007,8,571,20846.26,-11.633766111719446,-1.05,0.0,-1.05,0,2.26666666666667,0.20833333333334014,68.9516129032258,-1.2188416422287105,3.15818181818182,-0.08631852068101686,4.75,0.0,340.011857851297,-6.268852900597022,72.3560869565217,-2.2391798787775308,100.128668441286,-2.384704116460945,1473.989990234375,1.278153901893031,23.3799991607666,0,0
2007-09,2007,9,572,21823.44,4.581006585166492,-1.23,0.0,-1.23,0,2.225,-0.04166666666667007,69.9728260869565,1.0212131837307084,3.135975,-0.7056357496979082,5.0,0.25,347.966586208451,2.312596548692003,79.618,9.56406163139567,100.240420653565,0.11154637112058552,1526.75,3.5168290262790336,18.0,0,0
2007-10,2007,10,573,21696.27,-0.5844265136969895,-1.41,0.0,-1.41,0,2.44166666666667,0.2166666666666699,71.264367816092,1.2915417291355027,3.01986363636364,-3.772845367225619,5.0,0.0,363.807708245472,4.451899547774207,85.7986956521739,7.476360624932621,103.151330807994,2.862563406800245,1549.3800048828125,1.4713560940171178,18.530000686645508,0,0
2007-11,2007,11,574,18255.97,-17.26482065477999,-1.64,0.0,-1.64,0,2.7125,0.27083333333332993,71.6463414634146,0.38197364732259587,3.001,-0.6266110387123769,5.0,0.0,315.583801879824,-14.220119118751562,94.945,10.129397238813276,104.09969689671,0.915192285049482,1481.1400146484375,-4.504278263090367,22.8700008392334,0,0
2007-12,2007,12,575,17524.79,-4.087569985575534,-1.29,0.0,-1.29,0,2.85,0.13750000000000018,75.3424657534247,3.696124290010104,2.980775,-0.6762232638412691,5.0,0.0,301.641628993984,-4.518460903511556,91.7971428571429,-3.37166029958178,111.854978369874,7.185413232573001,1468.3599853515625,-0.8665949670829676,22.5,0,0
2008-01,2008,1,576,15009.98,-15.49011367678137,-0.64,0.0,-0.64,0,3.2625,0.4125000000000001,70.0,-5.342465753424705,2.95031818181818,-1.0270311040920133,5.25,0.25,320.231286041784,5.980384982539899,92.9947826086956,1.296221701620759,98.5124657536872,-12.702010024185029,1378.550048828125,-6.311386420630871,26.200000762939453,0,0
2008-02,2008,2,577,17766.94,16.862411380128606,0.04,0.04,0.0,0,3.64166666666667,0.37916666666667,71.0,1.0,2.9055,-1.5307530245873835,5.25,0.0,360.204184477781,11.762754616711835,95.3947619047619,2.5480279690365037,100.676634145885,2.1730642453830384,1330.6300048828125,-3.5379739592448445,26.540000915527344,0,0
2008-03,2008,3,578,17387.47,-2.158959513008618,0.34,0.34,0.0,0,3.775,0.13333333333332975,67.0,-4.0,2.81092105263158,-3.3093286157210855,5.25,0.0,380.576961983684,5.501737247635585,105.316666666667,9.894801426322264,104.088023197252,3.3323179563723215,1322.699951171875,-0.5977452826418705,25.610000610351562,0,0
2008-04,2008,4,579,17429.94,0.24395853145673385,0.44,0.44,0.0,0,4.16666666666667,0.3916666666666697,69.0,2.0,2.74786363636364,-2.2688456113179933,5.5,0.25,395.268642269285,3.7877218497820664,112.580454545455,6.6696433009282075,110.247082044334,5.748712919557253,1385.5899658203125,4.645095190758575,20.790000915527344,0,0
2008-05,2008,5,580,17130.79,-1.7311987990808575,0.5,0.5,0.0,0,3.83333333333333,-0.3333333333333397,74.0,5.0,2.80457894736842,2.0429669554663965,5.5,0.0,379.335179223378,-4.114544859520386,125.678636363636,11.006002626131384,112.085329362857,1.653640327257122,1400.3800048828125,1.0617614807393316,17.829999923706055,0,0
2008-06,2008,6,581,16293.97,-5.008232847617755,0.69,0.69,0.0,0,3.85,0.01666666666667016,71.0,-3.0,2.89161904761905,3.0563149529750033,5.75,0.25,376.118796931502,-0.8515149374460407,133.88,6.3215732521172185,112.179938878858,0.08437286999924964,1280.0,-8.988355391782221,23.950000762939453,0,0
2008-07,2008,7,582,13765.45,-16.86332710488614,0.98,0.98,0.0,0,4.32916666666667,0.47916666666667007,67.0,-4.0,2.84842857142857,-1.5049105577598088,6.0,0.25,381.336095308577,1.3776083413136853,133.89,0.007469096616308235,112.301116383525,0.1079623545920505,1267.3800048828125,-0.9908296633773794,22.940000534057617,0,0
2008-08,2008,8,583,13287.42,-3.5344106715566426,1.13,1.13,0.0,1,4.65,0.3208333333333302,61.0,-6.0,2.89230952380952,1.528786239667812,6.25,0.25,346.546734078097,-9.566344196802845,116.676904761905,-13.760995024214928,108.889993837837,-3.084566100987818,1282.8299560546875,1.2116759351493478,20.649999618530273,0,0
2008-09,2008,9,584,11248.42,-16.65900486110594,0.92,0.92,0.0,0,4.575,-0.07500000000000018,56.0,-5.0,2.96584090909091,2.51052779083738,6.5,0.25,316.385835669272,-9.105521649214943,104.5575,-10.967145775392328,110.740740648058,1.6853657776215947,1166.3599853515625,-9.518076507694317,39.38999938964844,1,0
2008-10,2008,10,585,7055.04,-46.64854193162604,0.37,0.37,0.0,0,4.33333333333333,-0.2416666666666698,44.0,-12.0,3.07515909090909,3.6196032726679483,6.5,0.0,222.028536963552,-35.41565492353396,76.6208695652174,-31.086767104197843,111.655298051566,0.8224629937212846,968.75,-18.56364738868823,59.88999938964844,1,0
2008-11,2008,11,586,7405.5,4.848071235841012,-0.12,0.0,-0.12,0,4.10416666666667,-0.22916666666666075,47.0,3.0,3.09188888888889,0.5425558248850715,6.5,0.0,169.153101306319,-27.200168878171382,57.163,-29.296265233209784,110.667091240658,-0.8889912727692462,896.239990234375,-7.779835731330564,55.279998779296875,1,0
2008-12,2008,12,587,7048.67,-4.93840208400993,-0.3,0.0,-0.3,0,3.75,-0.3541666666666696,32.0,-15.0,3.113775,0.7053621416045708,6.5,0.0,139.678841373931,-19.14584325135289,40.7326086956522,-33.887786782376715,117.475106241632,5.969993261200379,903.25,0.7791146673498339,40.0,1,0
2009-01,2009,1,588,6905.39,-2.0536680467509782,-0.43,0.0,-0.43,0,3.50416666666667,-0.24583333333333002,35.0,3.0,3.151125,1.192371546827875,6.5,0.0,147.436593208536,5.405240960744706,41.5536363636364,1.9956067133676925,102.957851981423,-13.190674894604104,825.8800048828125,-8.954987959881677,44.84000015258789,1,0
2009-02,2009,2,589,6671.72,-3.4424568328308425,-0.55,0.0,-0.55,0,3.16666666666667,-0.3374999999999999,38.0,3.0,3.236125,2.6617094451573786,6.25,-0.25,150.974252917483,2.3711104991951615,39.0145,-6.305166334619505,101.03370671238,-1.8865509427559601,735.0900268554688,-11.645651319919015,46.349998474121094,1,0
2009-03,2009,3,590,9237.65,32.54098265531855,-0.36,0.0,-0.36,0,2.9625,-0.20416666666667016,33.0,-5.0,3.17477272727273,-1.9140578564729616,6.0,-0.25,171.044014517496,12.481160642533506,47.9404545454545,20.60263386073391,107.152725896403,5.88009706083632,797.8699951171875,8.195269356125578,44.13999938964844,1,0
2009-04,2009,4,591,9979.19,7.721440040272576,-0.02,0.0,-0.02,0,2.85,-0.11249999999999982,39.0,6.0,3.085025,-2.8676286768968273,5.0,-1.0,201.636242947804,16.454437834470603,49.7645454545454,3.7343081307988246,108.852131263434,1.573520570936715,872.8099975585938,8.977221824359916,36.5,1,0
2009-05,2009,5,592,13392.27,29.417575012932318,0.47,0.47,0.0,0,2.8,-0.050000000000000266,53.0,14.0,2.99405,-2.9932775127438527,4.0,-1.0,208.314997941576,3.2586050748603768,59.1295238095238,17.242756470162533,114.233023556979,4.825006111365138,919.1400146484375,5.172057715517475,28.920000076293945,1,0
2009-06,2009,6,593,13059.7,-2.514652215328006,0.58,0.58,0.0,0,2.35,-0.44999999999999973,51.0,-2.0,2.99047619047619,-0.11943501740625528,3.0,-1.0,227.496162752837,8.808202391349873,69.6413636363636,16.362833941138355,108.973271232089,-4.7137794318723,919.3200073242188,0.01958080939532536,26.350000381469727,1,0
2009-07,2009,7,594,14092.02,7.6077527042018644,0.75,0.75,0.0,0,2.27083333333333,-0.07916666666667016,53.0,2.0,3.0125,0.7337663066043554,2.0,-1.0,237.15682872335,4.158827563480294,64.2621739130435,-8.038751285859469,110.739303018833,1.6076183418995527,987.47998046875,7.152194934301459,25.920000076293945,0,0
2009-08,2009,8,595,13955.38,-0.9743582722025579,0.7,0.7,0.0,0,2.2,-0.07083333333332975,63.0,10.0,2.95054761904762,-2.077951211736062,1.25,-0.75,280.798519395003,16.891575246487545,71.0447619047619,10.033894468185167,109.854091268809,-0.8025775245699585,1020.6199951171875,3.3009336342854745,26.010000228881836,0,0
2009-09,2009,9,596,15144.2,8.17525233693459,0.56,0.56,0.0,0,1.825,-0.3750000000000002,61.0,-2.0,2.90965909090909,-1.3954863269060258,1.25,0.0,281.034495427925,0.08400220014568305,69.3418181818182,-2.426196658639146,111.00471639979,1.0419648220507227,1057.0799560546875,3.5100067367746846,25.610000610351562,0,0
2009-10,2009,10,597,14213.54,-6.342258894878405,0.39,0.39,0.0,0,1.88333333333333,0.05833333333333002,66.0,5.0,2.871775,-1.3105617931702396,1.25,0.0,286.034835910855,1.7636185957076833,75.7154545454545,8.793413359643765,113.066652069327,1.840479564794606,1036.18994140625,-1.9959880197119695,30.690000534057617,0,0
2009-11,2009,11,598,14129.0,-0.5965608637810149,0.42,0.42,0.0,0,1.97083333333333,0.08750000000000013,67.0,1.0,2.8845,0.4421269216156931,1.25,0.0,303.110404301873,5.798350248928497,77.9561904761905,2.9164713573058165,113.616689761738,0.4852926266725177,1095.6300048828125,5.57790765867372,24.510000228881836,0,0
2009-12,2009,12,599,14167.2,0.27000108287804636,0.41,0.41,0.0,0,2.1,0.12916666666666998,69.0,2.0,2.87747368421053,-0.243885850831016,1.25,0.0,316.701154083756,4.38614878536292,74.5726086956522,-4.437374421482332,122.38467369331,7.433873490171905,1115.0999755859375,1.7614520350299756,21.68000030517578,0,0
2010-01,2010,1,600,14440.5,1.9107325291541244,0.35,0.35,0.0,0,2.13333333333333,0.033333333333330106,71.6171617161716,2.6171617161715943,2.85645,-0.7333121115698393,1.25,0.0,334.123702926146,5.355269482035574,78.3590476190476,4.952817496254447,106.149276387258,-14.232277607697519,1073.8699951171875,-3.767512371219439,24.6200008392334,0,0
2010-02,2010,2,601,14002.32,-3.081372873211663,0.18,0.18,0.0,0,2.20833333333333,0.07499999999999973,71.9135802469136,0.2964185307420024,2.853975,-0.08668357101186963,1.25,0.0,311.5125010512,-7.007182324193728,76.2735,-2.6975874359294494,106.181815679423,0.0306495785454608,1104.489990234375,2.8114739741840644,19.5,0,0
2010-03,2010,3,602,15129.0,7.739040159082045,0.05,0.05,0.0,0,2.275,0.06666666666666998,70.8474576271186,-1.0661226197949958,2.83928260869565,-0.5161341688922683,1.25,0.0,338.694467824502,8.365895692629088,81.2034782608696,6.263251724922547,115.871466688352,8.73286639569848,1169.4300537109375,5.713281541639237,17.59000015258789,0,0
2010-04,2010,4,603,15842.26,4.606762121389707,0.09,0.09,0.0,0,2.5,0.2250000000000001,73.8019169329073,2.9544593057887027,2.83985,0.01998161850875757,1.25,0.0,351.135650568533,3.60741915281384,84.3131818181818,3.758013875837385,117.530089179309,1.4212847943878337,1186.68994140625,1.4651373006918433,22.049999237060547,0,0
2010-05,2010,5,604,14487.31,-8.940795915082234,0.07,0.07,0.0,0,2.5,0.0,70.5387205387205,-3.2631963941868065,2.8455,0.198756518419696,1.5,0.25,311.742699181257,-11.899445220146898,73.7566666666667,-13.376683411884738,122.84054139441,4.419272395298268,1089.4100341796875,-8.553157288349045,32.06999969482422,0,0
2010-06,2010,6,605,13985.01,-3.528705212026395,-0.24,0.0,-0.24,0,2.5,0.0,74.6350364963504,4.096315957629898,2.83805,-0.2621602437512749,1.75,0.25,294.903082278119,-5.55313977507188,75.3359090909091,2.118551487717557,122.952124694629,0.09079466011732151,1030.7099609375,-5.538844940550369,34.540000915527344,0,0
2010-07,2010,7,606,14275.38,2.0550333447234337,-0.75,0.0,-0.75,0,2.52083333333333,0.02083333333332993,71.0616438356164,-3.573392660734001,2.82281578947368,-0.5382302944372475,2.0,0.25,306.200625078332,3.7593756916850296,76.1259090909091,1.043176654775646,121.715583387811,-1.0108010123630606,1101.5999755859375,6.651579901085647,23.5,0,0
2010-08,2010,8,607,15153.33,5.968393462991806,-1.16,0.0,-1.16,0,2.56666666666667,0.045833333333340054,71.043771043771,-0.01787279184539159,2.80202380952381,-0.7392948468605276,2.5,0.5,331.541490882096,7.951243819899734,76.5990909090909,0.6196540608923939,119.43656195162,-1.8901671269381026,1049.3299560546875,-4.861182288741883,26.049999237060547,0,0
2010-09,2010,9,608,17867.36,16.475527484320374,-1.24,0.0,-1.24,0,2.6625,0.0958333333333301,70.4861111111111,-0.5576599326599023,2.79063636363636,-0.40722880603758504,3.0,0.5,350.608349433182,5.5916824075857186,75.2090909090909,-1.83130952508197,122.177647930979,2.269074810021454,1141.199951171875,8.392847418803395,23.700000762939453,0,0
2010-10,2010,10,609,19220.93,7.302420484243832,-1.25,0.0,-1.25,0,2.54166666666667,-0.12083333333333002,70.7482993197279,0.2621882086168057,2.791475,0.030047281944711735,3.0,0.0,376.017278638163,6.99653092572019,81.8928571428572,8.513965928493405,123.72453697766,1.258150229530397,1183.260009765625,3.6193051750490923,21.200000762939453,0,0
2010-11,2010,11,610,20854.5,8.156996282726858,-1.13,0.0,-1.13,0,2.49583333333333,-0.045833333333340054,69.8214285714286,-0.9268707482993079,2.80559523809524,0.5045592587068493,3.0,0.0,383.667501845688,2.0141200727434416,84.2054545454545,2.784792729226826,123.654532316943,-0.05659707814835713,1180.550048828125,-0.22928763797240848,23.540000915527344,0,0
2010-12,2010,12,611,23374.57,11.407892698805178,-0.88,0.0,-0.88,0,2.5,0.0041666666666699825,67.7121771217712,-2.1092514496573926,2.815675,0.3586297146817463,3.0,0.0,416.129588643505,8.122042602762125,89.2195652173913,5.7840656561418236,131.945489530476,6.489723149447091,1257.6400146484375,6.325648750899848,17.75,0,0
2011-01,2011,1,612,22887.41,-2.1061701568168445,-0.5,0.0,-0.5,0,2.86666666666667,0.3666666666666698,66.0377358490566,-1.6744412727146027,2.78704761904762,-1.0219185218475868,3.25,0.25,432.670966212625,3.898082294985894,89.2828571428571,0.07091436326893685,116.302741541174,-12.61922469355028,1286.1199951171875,2.239296981241168,19.530000686645508,0,0
2011-02,2011,2,613,22842.96,-0.19440041267380082,-0.5,0.0,-0.5,0,2.91666666666667,0.050000000000000266,65.2014652014652,-0.8362706475914052,2.770525,-0.5946001558535974,3.5,0.25,448.191790286464,3.5243698259038503,88.401,-0.9926218372267037,114.737766544787,-1.3547398631776453,1327.219970703125,3.145657676282454,18.350000381469727,0,0
2011-03,2011,3,614,21957.49,-3.953466220493773,-0.4,0.0,-0.4,0,3.075,0.1583333333333301,64.5283018867924,-0.6731633146727916,2.77939130434783,0.3195115531279713,3.75,0.25,431.065103644142,-3.896211288783036,102.85652173913,15.145174249239801,124.776562514662,8.387540430938767,1325.8299560546875,-0.10478617545839342,17.739999771118164,0,0
2011-04,2011,4,615,19636.22,-11.17324913395521,-0.31,0.0,-0.31,0,3.18333333333333,0.10833333333332984,46.0655737704918,-18.462728116300603,2.81563157894737,1.2954649939141083,4.0,0.25,430.585521271791,-0.11131714131131787,109.636666666667,6.383684415372404,126.25744448581,1.1798394705921922,1363.6099853515625,2.8096938770245217,14.75,0,0
2011-05,2011,5,616,21566.07,9.374542626033566,0.08,0.08,0.0,0,3.23333333333333,0.04999999999999982,49.0131578947368,2.9475841242449974,2.77495238095238,-1.4553011362914425,4.25,0.25,406.414128534867,-5.777329906634332,100.885909090909,-8.318160305656974,129.648241281491,2.6501914125992343,1345.199951171875,-1.3592919455283514,15.449999809265137,0,0
2011-06,2011,6,617,18878.78,-13.308270631915065,0.18,0.18,0.0,0,3.05,-0.18333333333333002,46.643109540636,-2.3700483541008026,2.76407142857143,-0.39288389981522176,4.25,0.0,411.265505158446,1.1866343126181178,96.2640909090909,-4.689490387827444,126.617366035537,-2.365527398787215,1320.6400146484375,-1.842618591193279,16.520000457763672,0,0
2011-07,2011,7,618,21963.1,15.132523244889029,0.08,0.08,0.0,0,2.93333333333333,-0.1166666666666698,50.8802816901408,4.237172149504801,2.74131578947368,-0.8266727765880555,4.25,0.0,437.737701033922,6.238087102178369,97.1847619047619,0.9518567141380885,129.097719374522,1.9399959344142736,1292.280029296875,-2.170835585666353,25.25,0,0
2011-08,2011,8,619,20697.11,-5.936969543642334,-0.28,0.0,-0.28,0,2.95,0.01666666666667016,50.7042253521127,-0.17605633802809706,2.73938095238095,-0.07060551839450646,4.25,0.0,408.267649509046,-6.969691187714933,86.3234782608696,-11.851231355230851,127.177016700388,-1.4989683860952674,1218.8900146484375,-5.846750227195674,31.6200008392334,0,0
2011-09,2011,9,620,18329.1,-12.150411618803503,-0.59,0.0,-0.59,0,2.825,-0.125,52.9310344827586,2.226809130645897,2.74384090909091,0.16267653602910492,4.25,0.0,376.48785618166,-8.103717080425543,85.6015909090909,-0.8397746735593792,128.170148235962,0.7778716035886646,1131.4200439453125,-7.446710071978657,42.959999084472656,0,0
2011-10,2011,10,621,19629.63,6.855019859991884,-0.71,0.0,-0.71,0,2.8,-0.025000000000000355,58.4905660377359,5.559531554977305,2.731825,-0.4388846426318427,4.25,0.0,335.394841556576,-11.557732292577239,86.3090476190476,0.8230563387241041,129.23834053294,0.8299636378398922,1253.300048828125,10.230659176938861,29.959999084472656,0,0
2011-11,2011,11,622,19911.82,1.4273365839660102,-0.67,0.0,-0.67,0,2.88333333333333,0.08333333333333037,57.5250836120401,-0.9654824256958037,2.70495238095238,-0.9885575960654425,4.25,0.0,343.869409996646,2.495349389950796,97.1295454545455,11.811117589071696,129.518543102295,0.21657601911346802,1246.9599609375,-0.5071553722512334,27.799999237060547,0,0
2011-12,2011,12,623,19473.71,-2.224817445414473,-0.46,0.0,-0.46,0,3.0,0.1166666666666698,55.794701986755,-1.7303816252850979,2.69626315789474,-0.3217509277795405,4.25,0.0,343.164280032658,-0.2052680157639486,98.62,1.5228473156455813,143.381082669266,10.16819385762453,1257.5999755859375,0.8496565407114964,23.399999618530273,0,0
2012-01,2012,1,624,21948.07,11.961385775302702,-0.15,0.0,-0.15,0,2.82083333333333,-0.1791666666666698,57.3333333333333,1.538631346578299,2.69265909090909,-0.13375837900780896,4.25,0.0,364.709402375305,6.089159556633916,100.135909090909,1.5254273373105143,122.643043282476,-15.622795042604132,1312.4100341796875,4.266004446780691,19.440000534057617,0,0
2012-02,2012,2,625,22728.75,3.4951434403163617,0.11,0.11,0.0,0,2.7,-0.12083333333333002,59.5161290322581,2.1827956989247994,2.68352380952381,-0.3398429832711769,4.25,0.0,382.899462939285,4.867157726413662,102.258095238095,2.0971608652678775,122.831990691078,0.15394432815325487,1365.6800537109375,3.9787344672045144,18.43000030517578,0,0
2012-03,2012,3,626,23612.02,3.812526145355122,0.47,0.47,0.0,0,2.7,0.0,63.5350318471338,4.018902814875702,2.671,-0.46778510309342103,4.25,0.0,384.228306963246,0.3464469427970407,106.157727272727,3.742601846442284,132.084617429847,7.2625266042738446,1408.469970703125,3.0851475632995395,15.5,0,0
2012-04,2012,4,627,22677.93,-4.036369955208308,0.65,0.65,0.0,0,2.9,0.19999999999999973,64.983164983165,1.4481331360311955,2.65702777777778,-0.5244812840332069,4.25,0.0,376.241914861722,-2.1004598204130254,103.319523809524,-2.7099621958792675,130.294040845443,-1.3649009367694198,1397.9100341796875,-0.7525699544988385,17.149999618530273,0,0
2012-05,2012,5,628,20997.56,-7.698596435633931,0.94,0.94,0.0,0,3.03333333333333,0.1333333333333302,59.8240469208211,-5.1591180623439,2.66927272727273,0.4597927231407395,4.25,0.0,358.901022037888,-4.71856812476581,94.48,-8.943818743828746,138.616161129596,6.191493365009926,1310.3299560546875,-6.46993081586249,24.059999465942383,0,0
2012-06,2012,6,629,20207.16,-3.836924344838444,0.77,0.77,0.0,0,3.0,-0.033333333333330106,57.2222222222222,-2.6018246985988966,2.670575,0.048775651276977694,4.25,0.0,336.702699569705,-6.384630198000263,82.3033333333333,-13.797656279865311,136.159646911252,-1.7880610993159074,1362.1600341796875,3.8792719873700143,17.079999923706055,0,0
2012-07,2012,7,630,19627.5,-2.91053529579397,0.5,0.5,0.0,0,2.85833333333333,-0.14166666666667016,56.1475409836066,-1.0746812386155966,2.63504761904762,-1.3392551456807955,4.25,0.0,344.016312072477,2.148873119957262,87.8881818181818,6.565373625632631,138.46068321796,1.6758338012746066,1379.3199462890625,1.251888494028286,18.93000030517578,0,0
2012-08,2012,8,631,20311.66,3.426346129843516,0.18,0.18,0.0,0,2.86666666666667,0.008333333333339965,59.1194968553459,2.971955871739297,2.61597619047619,-0.726392152125499,4.25,0.0,340.898828157511,-0.910333342285341,94.1313043478261,6.862531699328045,136.158276846841,-1.6768400254643545,1406.5799560546875,1.9570609701871078,17.469999313354492,0,0
2012-09,2012,9,632,21674.79,6.495472864964746,-0.07,0.0,-0.07,0,2.85,-0.016666666666669716,60.8064516129032,1.6869547575573023,2.6028,-0.5049543414914037,4.25,0.0,366.853832488155,7.337775048069961,94.6125,0.5098940295225951,136.815840196687,0.48177800068334165,1440.6700439453125,2.394711879625433,15.729999542236328,0,0
2012-10,2012,10,633,20789.41,-4.17061115995061,-0.23,0.0,-0.23,0,2.875,0.02499999999999991,63.9498432601881,3.1433916472849006,2.5876,-0.5856983450998499,4.25,0.0,365.687651423679,-0.3183934494527918,89.4913043478261,-5.5648140199481055,138.823100912428,1.4564677914257196,1412.1600341796875,-1.99878423580504,18.600000381469727,0,0
2012-11,2012,11,634,20044.62,-3.6482933870043865,-0.53,0.0,-0.53,0,2.725,-0.1499999999999999,64.3250688705234,0.375225610335292,2.598625,0.4251653797447852,4.25,0.0,349.775388890927,-4.448835517740513,86.6231818181818,-3.2573994257910854,137.36970656224,-1.0524588088476783,1416.1800537109375,0.28426724604573295,15.869999885559082,0,0
2012-12,2012,12,635,20629.35,2.8754030504652306,-0.63,0.0,-0.63,0,2.55,-0.17500000000000027,64.1269841269841,-0.1980847435392974,2.56688888888889,-1.2287842454871578,4.25,0.0,360.580558150428,3.0424191586419624,87.88,1.440477933851536,148.291937606082,7.650700300922075,1426.18994140625,0.7043368100712932,18.020000457763672,0,0
2013-01,2013,1,636,21435.29,3.8323810159512917,-0.73,0.0,-0.73,0,2.59166666666667,0.04166666666667007,66.6666666666667,2.5396825396826017,2.55190909090909,-0.5852874366755079,4.25,0.0,365.022053917626,1.224237941246642,94.6665217391304,7.438817105083562,130.559992685857,-12.735004703717667,1498.1099853515625,4.919779199874608,14.279999732971191,0,0
2013-02,2013,2,637,20611.68,-3.918072382443505,-0.67,0.0,-0.67,0,2.575,-0.016666666666669716,66.3109756097561,-0.3556910569106009,2.57805263157895,1.0192577807981884,4.25,0.0,365.637411137852,0.16843889531177325,95.341,0.7099519931435871,129.079383033107,-1.140524774706364,1514.6800537109375,1.0999927126354336,15.510000228881836,0,0
2013-03,2013,3,638,19858.95,-3.720311827981604,-0.85,0.0,-0.85,0,2.5625,-0.012500000000000178,64.5631067961165,-1.7478688136395988,2.59394736842105,0.6146475979464383,4.25,0.0,346.797829856835,-5.290017513719381,93.1433333333333,-2.3320413165972553,136.716103261567,5.747894935607523,1569.18994140625,3.535529432970552,12.699999809265137,0,0
2013-04,2013,4,639,17352.92,-13.48939951848429,-1.13,0.0,-1.13,0,2.48333333333333,-0.07916666666667016,59.7315436241611,-4.831563171955402,2.5975,0.13686480402845813,4.25,0.0,328.14140367855,-5.52973630057032,92.0213636363636,-1.2118761802300426,141.786854263316,3.641836681451416,1597.5699462890625,1.7924165836651795,13.520000457763672,0,0
2013-05,2013,5,640,16049.65,-7.807374945920742,-1.54,0.0,-1.54,0,2.47916666666667,-0.0041666666666597685,54.1095890410959,-5.621954583065197,2.64438636363636,1.788959577797855,4.25,0.0,328.82784760885,0.20897300102298288,94.4804347826087,2.637201019621216,144.525170085063,1.9128776205493914,1630.739990234375,2.0550202383511795,16.299999237060547,0,0
2013-06,2013,6,641,15549.55,-3.1655343184917584,-1.66,0.0,-1.66,0,2.5,0.02083333333332993,51.0,-3.1095890410959015,2.7475,3.8252367526415476,4.25,0.0,317.525434965604,-3.497642901776299,95.7725,1.3582813674196892,144.131522429327,-0.2727446894335017,1606.280029296875,-1.5112928770280476,16.860000610351562,0,0
2013-07,2013,7,642,15118.46,-2.8115185587468616,-1.52,0.0,-1.52,0,2.5125,0.012500000000000178,50.3184713375796,-0.6815286624203978,2.77671428571429,1.0576909784978827,4.25,0.0,313.279982902644,-1.3460620485163055,104.551304347826,8.770231422408514,145.815158918084,1.1613551872399874,1685.72998046875,4.827772805178832,13.449999809265137,0,0
2013-08,2013,8,643,16652.22,9.662702715940341,-1.15,0.0,-1.15,0,2.58333333333333,0.07083333333332975,47.6114649681529,-2.7070063694267006,2.8017380952381,0.8971655815329438,4.25,0.0,326.265386853308,4.061381552670973,106.572727272727,1.9149735654506728,143.654379670487,-1.4929511358697134,1632.969970703125,-3.1798268037944943,17.010000228881836,0,0
2013-09,2013,9,644,15919.71,-4.498557670176595,-0.86,0.0,-0.86,0,2.7,0.11666666666667025,53.2362459546925,5.624780986539598,2.77857142857143,-0.8303051886805246,4.25,0.0,324.738984696022,-0.46893846529050265,106.37,-0.19040550158351266,143.469503554971,-0.1287779609196349,1681.550048828125,2.93155913664247,16.600000381469727,0,0
2013-10,2013,10,645,16322.01,2.4956539546959533,-0.66,0.0,-0.66,0,2.65833333333333,-0.04166666666667007,54.5045045045045,1.2682585498120034,2.76911904761905,-0.34076847437498614,4.25,0.0,326.723573419343,0.609273652899045,100.538260869565,-5.638522204446872,147.44202969723,2.7312585692164326,1756.5400390625,4.362997111283384,13.75,0,0
2013-11,2013,11,646,15200.4,-7.119276042143063,-0.55,0.0,-0.55,0,2.63333333333333,-0.02499999999999991,54.0785498489426,-0.4259546555619025,2.798125,1.042031374770036,4.0,-0.25,320.719508268887,-1.854753704655021,93.8214285714286,-6.9145080708769235,147.373533984173,-0.04646682382309919,1805.81005859375,2.766328977323518,13.699999809265137,0,0
2013-12,2013,12,647,15753.65,3.575034115897502,-0.31,0.0,-0.31,0,2.7,0.06666666666666998,58.7025316455696,4.623981796627,2.78525,-0.46119140558040783,4.0,0.0,327.596783561628,2.1216598619696825,97.8972727272727,4.2525411898285626,158.721291667986,7.4179370244991105,1848.3599853515625,2.3289474482053762,13.720000267028809,0,0
2014-01,2014,1,648,15452.05,-1.933040382854756,-0.33,0.0,-0.33,0,2.64166666666667,-0.05833333333333002,59.2753623188406,0.5728306732709996,2.80893181818182,0.8466639240051199,4.0,0.0,330.901553616597,1.003737629797552,94.9908695652174,-3.013791426674395,136.079802233256,-15.390828675838986,1782.5899658203125,-3.6231407776019076,18.40999984741211,0,0
2014-02,2014,2,649,15441.26,-0.0698533141235913,-0.29,0.0,-0.29,0,2.58333333333333,-0.05833333333334023,60.2011494252874,0.9257871064467977,2.81265,0.13228242443601435,4.0,0.0,324.282827364647,-2.0204851060000806,100.747,5.883164656664253,135.801560872472,-0.2046785809389995,1859.449951171875,4.221337507227485,14.0,0,0
2014-03,2014,3,650,14298.92,-7.685913754642115,-0.3,0.0,-0.3,0,2.6875,0.10416666666667007,53.8461538461538,-6.3549955791336,2.80638095238095,-0.2231363476478787,4.0,0.0,301.64054901214,-7.237998555731373,100.60380952381,-0.14222987299365997,144.114837672392,5.941575662596765,1872.3399658203125,0.6908248426944041,13.880000114440918,0,0
2014-04,2014,4,651,15528.38,8.24853075507459,0.25,0.25,0.0,0,2.75,0.0625,54.2134831460674,0.3673292999135995,2.794375,-0.42872679591134943,4.0,0.0,302.662089111389,0.338089231407146,102.132272727273,1.507863964173417,145.93095375877,1.2523124795396967,1883.949951171875,0.6181643365585465,13.40999984741211,0,0
2014-05,2014,5,652,15753.25,1.4377375701956296,0.87,0.87,0.0,0,2.76666666666667,0.01666666666667016,52.8610354223433,-1.3524477237240973,2.78697619047619,-0.2651262608382776,4.0,0.0,312.564319914149,3.219330598543646,102.003181818182,-0.1264757526676874,148.268520111495,1.5891364555939091,1923.5699462890625,2.081219601335782,11.399999618530273,0,0
2014-06,2014,6,653,16662.28,5.610078892591552,1.21,1.21,0.0,1,2.825,0.05833333333333002,49.7183098591549,-3.1427255631883995,2.79423809523809,0.26022684269626506,4.0,0.0,309.401838534308,-1.0169391344650336,105.23,3.1144423659079656,144.676064849711,-2.452774722099438,1960.22998046875,1.8878996713560525,11.569999694824219,0,0
2014-07,2014,7,654,16866.07,1.2156429388673118,1.15,1.15,0.0,1,2.79583333333333,-0.029166666666670338,50.593471810089,0.8751619509340998,2.78609523809524,-0.29184145232683534,3.75,-0.25,322.657512210145,4.195054657815955,102.948260869565,-2.1921890383581832,147.929033166191,2.2235445409556576,1930.6700439453125,-1.5194687637991144,16.950000762939453,0,0
2014-08,2014,8,655,17010.82,0.8545700677437651,0.9,0.9,0.0,0,2.88333333333333,0.08750000000000036,48.4550561797753,-2.138415630313702,2.81447619047619,1.013510699198683,3.75,0.0,317.805717253677,-1.5151182915973394,96.5361904761905,-6.430857148933455,145.598328396295,-1.5880998228677612,2003.3699951171875,3.696364440798927,12.09000015258789,0,0
2014-09,2014,9,656,16226.61,-4.71971249317491,0.81,0.81,0.0,0,2.75,-0.1333333333333302,53.9877300613497,5.532673881574404,2.86395454545455,1.7427211678541,3.5,-0.25,311.718473224892,-1.9339792982624004,93.4231818181818,-3.2778455103231963,147.304981967072,1.16534899027938,1972.2900390625,-1.5635436105290168,16.309999465942383,0,0
2014-10,2014,10,657,15673.23,-3.469832576829468,0.77,0.77,0.0,0,2.7,-0.04999999999999982,52.9940119760479,-0.9937180853018006,2.90604545454545,1.4589828673033933,3.5,0.0,305.606876245828,-1.9800893214210191,84.3969565217391,-10.160817299381275,150.794566036781,2.3413275880956874,2018.050048828125,2.2936398829564553,14.029999732971191,0,0
2014-11,2014,11,658,15106.46,-3.6831694579051444,0.65,0.65,0.0,0,2.725,0.02499999999999991,55.2547770700637,2.2607650940158024,2.925075,0.6526914735754064,3.5,0.0,304.489757113077,-0.3662109640168332,75.685,-10.895135056823069,147.606279774666,-2.136996352561127,2067.56005859375,2.423747356330619,13.329999923706055,0,0
2014-12,2014,12,659,14794.32,-2.0879143581412407,0.37,0.37,0.0,0,2.6,-0.125,53.0973451327434,-2.157431937320304,2.9615,1.2375775354147578,3.5,0.0,292.069116007902,-4.164697528669681,59.134347826087,-24.676805313255823,159.982899480685,8.051847411607849,2058.89990234375,-0.41973842211255885,19.200000762939453,0,0
2015-01,2015,1,660,13669.78,-7.9055766351785905,-0.06,0.0,-0.06,0,2.50416666666667,-0.0958333333333301,54.2319749216301,1.1346297888866985,3.005525,1.4756364811115308,3.25,-0.25,265.576788929357,-9.50864502125448,47.5290909090909,-21.84699733149449,138.204498202026,-14.633247197721921,1994.989990234375,-3.1532779266425948,20.969999313354492,0,0
2015-02,2015,2,661,13397.42,-2.012540586490985,-0.18,0.0,-0.18,0,2.5,-0.0041666666666699825,50.1577287066246,-4.074246215005495,3.078525,2.3998324628226264,3.25,0.0,259.875545138655,-2.170117883260847,50.688,6.434723242493501,137.477202190862,-0.5276358187364494,2104.5,5.343887632562794,13.34000015258789,0,0
2015-03,2015,3,662,12461.81,-7.2393383448842386,0.2,0.2,0.0,0,2.7125,0.2124999999999999,49.388379204893,-0.7693495017316039,3.09168181818182,0.4264634398774447,3.25,0.0,269.418922519685,3.60646571319716,47.8236363636364,-5.8169194316865624,148.34699289631,7.609597508816712,2067.889892578125,-1.7549197433963215,15.289999961853027,0,0
2015-04,2015,4,663,13366.86,7.010974172331075,0.88,0.88,0.0,0,2.83333333333333,0.12083333333333002,46.7422096317281,-2.6461695731648973,3.1199525,0.9102556773526116,3.25,0.0,273.904332568387,1.6511393206737779,54.2109090909091,12.536216105748288,152.057063495299,2.470179192709754,2085.510009765625,0.8484722544634948,14.550000190734863,0,0
2015-05,2015,5,664,13180.61,-1.403169913101543,1.6,1.6,0.0,1,2.81666666666667,-0.016666666666659946,45.0704225352113,-1.6717870965168018,3.15045,0.9727522430764024,3.25,0.0,285.478620716135,4.138824842554545,59.2466666666667,8.882735670964204,150.170961516218,-1.2481479603655643,2107.389892578125,1.0436729675337375,13.84000015258789,0,0
2015-06,2015,6,665,13113.17,-0.5129741549978917,2.1,2.1,0.0,1,2.9,0.08333333333332993,50.625,5.5545774647887,3.16123809523809,0.34184533775916126,3.25,0.0,264.580947488988,-7.601989850219404,59.8195454545454,0.9622934977476127,150.586503927201,0.27633074696193916,2063.110107421875,-2.123555887175854,18.229999542236328,0,0
2015-07,2015,7,666,11987.88,-8.972092930491193,2.13,2.13,0.0,1,3.03333333333333,0.1333333333333302,46.7191601049869,-3.905839895013102,3.18125,0.6310448161815252,3.25,0.0,247.514018952722,-6.6680021495825414,51.1630434782609,-15.631499026759332,153.258350980469,1.7587369870398994,2103.840087890625,1.954968299001969,12.119999885559082,0,0
2015-08,2015,8,667,10340.55,-14.782308023927904,2.15,2.15,0.0,1,3.13333333333333,0.10000000000000009,42.2222222222222,-4.496937882764698,3.23835714285714,1.7791945218126992,3.25,0.0,232.61296945963,-6.209122546789203,42.8676190476191,-17.690072417844462,149.484690625058,-2.49310821219213,1972.1800537109375,-6.462473099312405,28.43000030517578,0,0
2015-09,2015,9,668,10030.57,-3.0435629284454535,2.02,2.02,0.0,1,3.35,0.2166666666666699,43.2225063938619,1.0002841716396986,3.21861363636364,-0.6115427403940332,3.5,0.25,236.65048158356,1.7208294183646444,45.5040909090909,5.968549183148664,152.000860825852,1.6692200416869696,1920.030029296875,-2.6798730963463413,24.5,0,0
2015-10,2015,10,669,10545.69,5.007981577437093,2.23,2.23,0.0,1,3.33333333333333,-0.01666666666667016,44.9720670391061,1.7495606452442019,3.248375,0.9204152169081103,3.5,0.0,236.597906103789,-0.02221897902039416,46.2236363636364,1.5689044857495116,155.730682873871,2.4241939325428064,2079.360107421875,7.971937954339925,15.069999694824219,0,0
2015-11,2015,11,670,10226.89,-3.069671972129129,2.21,2.21,0.0,1,3.29583333333333,-0.03750000000000009,44.8126801152738,-0.1593869238323009,3.33664285714286,2.6810297612176015,3.5,0.0,217.720019830367,-8.315217691543797,42.3852380952381,-8.669113337701795,153.424811928952,-1.4917501026719293,2080.409912109375,0.05047417068047011,16.1299991607666,0,0
2015-12,2015,12,671,9848.59,-3.7692228194316613,2.06,2.06,0.0,1,3.45,0.15416666666667034,44.5983379501385,-0.21434216513529947,3.38266666666667,1.3699184156787059,3.75,0.25,210.617730533857,-3.316513792279707,37.2073913043478,-13.029271096586736,170.392438282989,10.48936146800985,2043.93994140625,-1.7685658390257153,18.209999084472656,0,0
2016-01,2016,1,672,9391.84,-4.748707056383417,1.75,1.75,0.0,1,3.44458333333333,-0.005416666666670178,42.5141242937853,-2.0842136563531994,3.437325,1.6029199536942151,4.0,0.25,203.34222154071,-3.5154406685991013,31.8361904761905,-15.590372454999635,143.098357202023,-17.45720307102321,1940.239990234375,-5.206761730549658,20.200000762939453,0,0
2016-02,2016,2,673,10742.19,13.433775174279816,1.45,1.45,0.0,1,3.43333333333333,-0.011249999999999982,46.6759002770083,4.161775983223002,3.50590476190476,1.975506920726322,4.25,0.25,208.589853320883,2.547951954618277,30.2752380952381,-5.02735541440833,146.309196635533,2.2189961110486323,1932.22998046875,-0.41369055149926837,20.549999237060547,0,0
2016-03,2016,3,674,12057.93,11.554355586755527,1.05,1.05,0.0,1,3.35,-0.08333333333332993,46.398891966759,-0.2770083102493004,3.40738095238095,-2.8504674773716765,4.25,0.0,224.791999201646,7.480562706080018,37.8173913043478,22.243893040871264,153.61243192688,4.871058692503105,2059.739990234375,6.390499028682939,13.949999809265137,0,0
2016-04,2016,4,675,13702.47,12.785357377838302,0.77,0.77,0.0,0,3.28333333333333,-0.06666666666666998,54.1666666666667,7.767774699907697,3.30154761904762,-3.155261303263046,4.25,0.0,221.023684291275,-1.6905662131767585,40.9580952380952,7.978039243937651,156.263690478061,1.7112149375470231,2065.300048828125,0.2695761451154688,15.699999809265137,0,0
2016-05,2016,5,676,13535.97,-1.2225522004884581,0.51,0.51,0.0,0,3.24166666666667,-0.0416666666666603,53.4435261707989,-0.7231404958678027,3.33372727272727,0.9699645154411352,4.25,0.0,213.75592192679,-3.3435052160643686,46.8327272727273,13.40327825523353,157.48954903612,0.7814196900077341,2096.949951171875,1.520836681052451,14.1899995803833,0,0
2016-06,2016,6,677,13856.9,2.3432716971941048,0.42,0.42,0.0,0,3.1625,-0.07916666666666972,54.3478260869565,0.9042999161576049,3.31657142857143,-0.5159432074677062,4.25,0.0,210.556033903078,-1.5083000340824881,48.7572727272727,4.027211124009167,155.975301304685,-0.9661430993005204,2098.860107421875,0.09105066031533937,15.630000114440918,0,0
2016-07,2016,7,678,15210.97,9.323357454944592,0.34,0.34,0.0,0,3.01458333333333,-0.14791666666667025,60.9756097560976,6.627783669141095,3.29873684210526,-0.5391927010798492,4.25,0.0,220.668370264587,4.69091754584392,44.8595238095238,-8.331845646560465,158.745901849584,1.7607152574005802,2173.60009765625,3.4990432691053286,11.869999885559082,0,0
2016-08,2016,8,679,15130.24,-0.5321487871499997,0.35,0.35,0.0,0,2.76666666666667,-0.24791666666665968,61.9760479041916,1.0004381480940054,3.33304545454545,1.0346816884296839,4.25,0.0,215.239935437002,-2.4907602808368345,44.724347826087,-0.30178665771396496,158.115555861394,-0.3978690398469986,2170.949951171875,-0.12199867803515119,13.420000076293945,0,0
2016-09,2016,9,680,15296.98,1.0960033095127386,0.36,0.36,0.0,0,2.6625,-0.10416666666667007,62.3475609756098,0.37151307141819956,3.38229545454546,1.466817059520742,4.25,0.0,214.195597262522,-0.4863781190554306,45.1640909090909,0.9784274759044198,158.854564848149,0.4662965229265126,2168.27001953125,-0.12352137017535014,13.289999961853027,0,0
2016-10,2016,10,681,15171.04,-0.8267075922567813,0.31,0.31,0.0,0,2.71,0.047499999999999876,60.8150470219436,-1.5325139536662036,3.38595238095238,0.10806125460114391,4.25,0.0,214.60643217401,0.19161991268425993,49.8457142857143,9.863019832721376,159.126757232709,0.17120027633117374,2126.14990234375,-1.9616837043472835,17.059999465942383,0,0
2016-11,2016,11,682,15414.97,1.595076780807858,0.25,0.25,0.0,0,2.90833333333333,0.19833333333333014,58.3577712609971,-2.4572757609465015,3.40289473684211,0.49912424801394906,4.25,0.0,247.250110662107,14.159461547515306,45.7090909090909,-8.66353165919831,158.822599181097,-0.19132490018165527,2198.81005859375,3.360354504443386,13.329999923706055,0,0
2016-12,2016,12,683,15566.96,0.9811604332405466,0.47,0.47,0.0,0,2.9,-0.008333333333330195,57.2625698324022,-1.0952014285948977,3.39535714285714,-0.22175103856414413,4.25,0.0,255.905477880885,3.440773119624918,51.9722727272727,12.841315566986466,176.321093387719,10.451887618957212,2238.830078125,1.8037111299278763,14.039999961853027,0,0
2017-01,2017,1,684,15983.95,2.643437426089257,0.89,0.89,0.0,0,2.90208333333333,0.0020833333333301063,56.6765578635015,-0.5860119689006993,3.34,-1.6438145207125388,4.25,0.0,260.545003665625,1.7967455794838827,52.5540909090909,1.1132582642409794,150.276432717465,-15.983024425011827,2278.8701171875,1.772631462106311,11.989999771118164,0,0
2017-02,2017,2,685,15766.12,-1.3721759848937864,1.29,1.29,0.0,1,2.90833333333333,0.006250000000000089,54.6178343949045,-2.0587234685970017,3.259825,-2.429729403246328,4.25,0.0,269.475258083762,3.370097432974184,53.4655,1.7193643847360995,147.461285670951,-1.8910811549460504,2363.639892578125,3.6523000738276856,12.920000076293945,0,0
2017-03,2017,3,686,15757.01,-0.057798830595956474,1.31,1.31,0.0,1,2.9875,0.07916666666666972,43.8080495356037,-10.809784859300798,3.26373913043478,0.11999976780217025,4.25,0.0,264.200792328717,-1.9767188338349229,49.3278260869565,-8.054824058532395,155.400167035249,5.243784150473374,2362.719970703125,-0.03892728921313093,12.369999885559082,0,0
2017-04,2017,4,687,15559.3,-1.2626815026516525,0.92,0.92,0.0,0,3.06666666666667,0.07916666666667016,53.5714285714286,9.763379035824897,3.24736111111111,-0.5030809927276003,4.25,0.0,257.709072005962,-2.4878070269839014,51.1855,3.696794331885078,156.751508478455,0.8658290127870671,2384.199951171875,0.9050132478198414,10.819999694824219,0,0
2017-05,2017,5,688,16000.08,2.79351916355175,0.31,0.31,0.0,0,2.95458333333333,-0.1120833333333402,54.1543026706232,0.5828740991946049,3.27286363636364,0.7822630749484416,4.0,-0.25,254.286347797924,-1.3370335219215157,48.524347826087,-5.339059980311811,163.251277944792,4.062879333789837,2411.800048828125,1.150975911098051,10.40999984741211,0,0
2017-06,2017,6,689,16132.87,0.826508340653298,-0.13,0.0,-0.13,0,2.8875,-0.06708333333332961,53.0523262023926,-1.1019764682306032,3.2678,-0.15483558417899168,4.0,0.0,259.444011276625,2.007993759992921,45.1777272727273,-7.146148306835265,162.167774708857,-0.6659150599991115,2423.409912109375,0.4802226040504287,11.180000305175781,0,0
2017-07,2017,7,690,16750.17,3.7549601839488744,-0.32,0.0,-0.32,0,2.78541666666667,-0.1020833333333302,54.7965126037598,1.7441864013672017,3.24892105263158,-0.5794018197430528,3.75,-0.25,271.480433354167,4.534914493202358,46.572380952381,3.0403476060636425,162.286309678345,0.07306733400227472,2470.300048828125,1.916401754710062,10.260000228881836,0,0
2017-08,2017,8,691,17616.44,5.042414948846385,-0.52,0.0,-0.52,0,2.73333333333333,-0.05208333333334014,56.2682228088379,1.4717102050780966,3.24143181818182,-0.23078060385253174,3.75,0.0,294.504213891011,8.140324351767703,48.0369565217391,3.0962960201914136,162.638412476959,0.2167289297665853,2471.64990234375,0.05462837796947895,10.59000015258789,0,0
2017-09,2017,9,692,18087.42,2.6384112042032726,-0.69,0.0,-0.69,0,2.80625,0.07291666666667007,60.1369857788086,3.868762969970703,3.24616666666667,0.1459661641078691,3.5,-0.25,298.335261621833,1.2924581505233235,49.7028571428571,3.4091777032104975,164.1810899832,0.9440617541113916,2519.360107421875,1.9119039352355038,9.510000228881836,0,0
2017-10,2017,10,693,19874.12,9.420171382679321,-0.97,0.0,-0.97,0,2.6625,-0.14374999999999982,64.1428604125977,4.005874633789098,3.25104545454545,0.1501809916235608,3.5,0.0,308.787644890375,3.443591415744063,51.5777272727273,3.7027518067815013,164.870806680147,0.41921515362073336,2575.260009765625,2.1945560031841893,10.180000305175781,0,0
2017-11,2017,11,694,19722.18,-0.7674492098702856,-1.21,0.0,-1.21,0,2.475,-0.1875,62.6099700927734,-1.532890319824297,3.24052380952381,-0.3241636592714592,3.25,-0.25,309.646893164,0.2778786673944822,56.6631818181818,9.403471186302692,162.050069285228,-1.7256820244562654,2647.580078125,2.769554104663463,11.279999732971191,0,0
2017-12,2017,12,695,19974.38,1.2706561640237979,-1.3,0.0,-1.3,0,2.3,-0.17500000000000027,53.654972076416,-8.9549980163574,3.24618421052632,0.174523114705738,3.25,0.0,311.065007491333,0.4569323685279514,57.8990476190476,2.1576286557644764,178.822860937088,9.849035501421,2673.610107421875,0.9783614574871535,11.039999961853027,0,0
2018-01,2018,1,696,21068.89,5.334709251851777,-1.25,0.0,-1.25,0,2.225,-0.07499999999999973,58.5365867614746,4.881614685058601,3.21516666666667,-0.9601020812588956,3.0,-0.25,320.780031028815,3.0753708999104568,63.5804347826087,9.360485809168484,154.592875234452,-14.560066222372203,2823.81005859375,5.465739835832828,13.539999961853027,0,0
2018-02,2018,2,697,20831.78,-1.131783959613486,-1.21,0.0,-1.21,0,2.1875,-0.03750000000000009,54.9363059997559,-3.6002807617187003,3.248375,1.0275674622265418,3.0,0.0,317.810628021425,-0.9299930611038398,62.2125,-2.1749849629567386,151.463758042883,-2.0448674440086023,2713.830078125,-3.972610759808415,19.850000381469727,0,0
2018-03,2018,3,698,20558.84,-1.3188686532689786,-1.16,0.0,-1.16,0,2.18125,-0.006250000000000089,53.538459777832,-1.3978462219238992,3.2519,0.10845696052970144,2.75,-0.25,308.158285477,-3.084213117603607,62.8222727272727,0.9753727674344681,161.431967543862,6.373742481961209,2640.8701171875,-2.7252497366939465,19.969999313354492,0,0
2018-04,2018,4,699,21428.86,4.144759285511412,-1.07,0.0,-1.07,0,2.16666666666667,-0.01458333333332984,58.5626907348633,5.0242309570313,3.230625,-0.6563823937093982,2.75,0.0,310.407298554833,0.7271736566621279,66.2538095238095,5.3183293600304715,169.423665829414,4.831867598178441,2648.050048828125,0.2715085811824558,15.930000305175781,0,0
2018-05,2018,5,700,20814.29,-2.9098841568570677,-0.84,0.0,-0.84,0,2.21666666666667,0.04999999999999982,59.7345123291016,1.1718215942382955,3.27361363636364,1.3218845354180608,2.75,0.0,309.59848607313,-0.26090496590978063,69.8886956521739,5.341094898782561,174.2009640499,2.7807122264762008,2705.27001953125,2.1378191183066164,15.430000305175781,0,0
2018-06,2018,6,701,19800.26,-4.994470112095861,-0.61,0.0,-0.61,0,2.275,0.05833333333333002,57.803466796875,-1.931045532226598,3.27095,-0.081399972823748,2.75,0.0,315.965965051,2.035825049249862,67.8733333333333,-2.9260691436208575,165.527593034563,-5.107169235428621,2718.3701171875,0.4830749386569799,16.09000015258789,0,0
2018-07,2018,7,702,20485.72,3.4032989122790624,-0.46,0.0,-0.46,0,2.32895833333333,0.05395833333333,58.9665641784668,1.1630973815917969,3.27659523809524,0.17243835021518716,2.75,0.0,283.52925067775,-10.831920741219037,71.1272727272727,4.682762291129716,166.517233721098,0.596090369218949,2816.2900390625,3.538795073752432,12.829999923706055,0,0
2018-08,2018,8,703,19443.11,-5.223529238937807,-0.24,0.0,-0.24,0,2.39166666666667,0.06270833333334025,58.5329322814941,-0.4336318969726989,3.28807142857143,0.3496354879783503,2.75,0.0,274.550586927674,-3.217976333602035,68.055652173913,-4.414506114226846,166.411982745936,-0.06322724078424713,2901.52001953125,2.9814314524382546,12.859999656677246,0,0
2018-09,2018,9,704,19564.07,0.6201955010300964,-0.09,0.0,-0.09,0,2.4375,0.04583333333332984,55.1282043457031,-3.4047279357910014,3.311325,0.7047210428213768,2.75,0.0,274.457970268212,-0.033739605376492676,70.2125,3.1200573078582927,168.105434901606,1.012483376314588,2913.97998046875,0.4285093286333641,12.119999885559082,0,0
2018-10,2018,10,705,18909.4,-3.4035567747922713,0.27,0.27,0.0,0,2.43833333333333,0.0008333333333299109,52.3809509277344,-2.747253417968693,3.33390909090909,0.6797105278766091,2.75,0.0,282.115718802978,2.75192016831296,70.7486956521739,0.760774248317464,171.60453435013,2.0601239404697935,2711.739990234375,-7.192934595429712,21.229999542236328,0,0
2018-11,2018,11,706,19180.97,1.4259488767375927,0.63,0.63,0.0,0,2.475,0.03666666666667018,55.4517135620117,3.070762634277294,3.374675,1.2153506708385775,2.75,0.0,281.042224330875,-0.38124145647486785,56.7313636363636,-22.08068919862427,170.249555667477,-0.7927275513006649,2760.169921875,1.770175205611757,18.06999969482422,0,0
2018-12,2018,12,707,19350.4,0.8794449406185123,0.87,0.87,0.0,0,2.5,0.02499999999999991,58.3032493591309,2.8515357971192046,3.36402631578947,-0.31604585439257704,2.75,0.0,274.9514949665,-2.1910222398402013,48.92,-14.814089753651105,187.243182650937,9.514287885234207,2506.85009765625,-9.626521985789882,25.420000076293945,0,0
2019-01,2019,1,708,20190.87,4.251743093854365,0.78,0.78,0.0,0,2.47708333333333,-0.022916666666669805,58.1210174560547,-0.1822319030762003,3.34386363636364,-0.6011649055889468,2.75,0.0,269.412667267054,-2.035041700515894,51.2017391304348,4.558718804091644,157.193197527055,-17.493260766574004,2704.10009765625,7.574215198675649,16.56999969482422,0,0
2019-02,2019,2,709,20614.45,2.0761764165424523,0.49,0.49,0.0,0,2.4,-0.07708333333333028,58.4935913085938,0.372573852539098,3.321475,-0.6717954416618266,2.75,0.0,285.785305728037,5.899656648219409,54.986,7.130510851584448,154.617113293077,-1.652378229858531,2784.489990234375,2.9295553365401794,14.779999732971191,0,0
2019-03,2019,3,710,21098.07,2.3189280903419984,0.31,0.31,0.0,0,2.33,-0.06999999999999984,59.6026496887207,1.1090583801269034,3.30469047619048,-0.5066145652075749,2.75,0.0,292.08918668875,2.181833985195336,58.1514285714286,5.597183829368735,166.89749978886,7.642802622958378,2834.39990234375,1.7765510890228597,13.710000038146973,0,0
2019-04,2019,4,711,20896.5,-0.9599886271892899,0.21,0.21,0.0,0,2.38,0.04999999999999982,55.8631935119629,-3.7394561767578054,3.303825,-0.026192756861842525,2.75,0.0,292.131526885625,0.014494589447267003,63.8695454545455,9.379220515017206,169.417386054755,1.4985559835330342,2945.830078125,3.8560397417571224,13.119999885559082,0,0
2019-05,2019,5,712,19922.77,-4.771838211832069,0.05,0.05,0.0,0,2.47083333333333,0.09083333333333021,52.9051971435547,-2.957996368408196,3.33236363636364,0.860096475848704,2.75,0.0,273.214954612098,-6.694527049709809,60.7213043478261,-5.054803660875429,175.401831131757,3.4714109534862203,2752.06005859375,-6.804089408287428,18.709999084472656,0,0
2019-06,2019,6,713,20622.79,3.453347625052672,-0.28,0.0,-0.28,0,2.475,0.0041666666666699825,49.8475608825684,-3.0576362609862997,3.32565,-0.2016709188578547,2.75,0.0,266.813237862325,-2.3709934910102426,54.6575,-10.5208172041932,170.192831247473,-3.0147423959193453,2941.760009765625,6.665830156302643,15.079999923706055,0,0
2019-07,2019,7,714,19957.26,-3.2803788053252347,-0.6,0.0,-0.6,0,2.32291666666667,-0.15208333333333002,49.1071434020996,-0.7404174804687997,3.29021428571428,-1.0712448631984728,2.75,0.0,269.488101650326,0.9975309668218024,57.3321739130435,4.77755233250452,173.06173485187,1.6716284024955286,2980.3798828125,1.30427248337055,16.1200008392334,0,0
2019-08,2019,8,715,19106.75,-4.3551311149442995,-0.72,0.0,-0.72,0,2.3,-0.02291666666667025,45.238094329834,-3.8690490722656037,3.37756,2.620086022102175,2.5,-0.25,258.777024314375,-4.055745873332661,54.8059090909091,-4.506394722715257,172.594321427108,-0.2704501779573043,2926.4599609375,-1.8257281743262688,18.979999542236328,0,0
2019-09,2019,9,716,19602.71,2.5626146223064694,-0.74,0.0,-0.74,0,2.2125,-0.08749999999999991,46.8023262023926,1.5642318725586009,3.35735714285714,-0.5999455468229664,2.5,0.0,261.23518569225,0.9454315266393287,56.857619047619,3.675221313663357,172.360592193133,-0.13551293836631118,2976.739990234375,1.7035250591072248,16.239999771118164,0,0
2019-10,2019,10,717,19904.87,1.5296603423768929,-0.53,0.0,-0.53,0,2.22916666666667,0.01666666666667016,47.0031547546387,0.20082855224610086,3.3597619047619,0.07160099413006105,2.5,0.0,261.146636573063,-0.03390206789779526,53.9630434782609,-5.22507991662815,176.250970775075,2.232020108702404,3037.56005859375,2.0225842153316798,13.220000267028809,0,0
2019-11,2019,11,718,20078.0,0.8660262860738399,-0.3,0.0,-0.3,0,2.18333333333333,-0.045833333333340054,49.6987953186035,2.695640563964801,3.3717,0.35469584238945195,2.25,-0.25,265.802968856333,1.7673240220914543,57.0790476190476,5.6137675212099225,174.183397196694,-1.1800198604064782,3140.97998046875,3.3480266071379106,12.619999885559082,0,0
2019-12,2019,12,719,20526.13,2.207402036490258,-0.18,0.0,-0.18,0,2.225,0.04166666666667007,50.7716064453125,1.0728111267089986,3.35519047619048,-0.49085255708549713,2.25,0.0,276.109407307125,3.8041874727879232,59.8781818181818,4.787508788337025,189.566260025411,8.462986951602058,3230.780029296875,2.8188756298542117,13.779999732971191,0,0
2020-01,2020,1,720,19834.9,-3.4255696273795877,-0.14,0.0,-0.14,0,2.04583333333333,-0.17916666666667025,52.9239768981934,2.152370452880902,3.32736363636364,-0.8328252999266539,2.25,0.0,273.803342801617,-0.8387068759468264,57.7213043478261,-3.6685863833592514,162.385738087125,-15.47640163222086,3225.52001953125,-0.16294196024428942,18.84000015258789,0,0
2020-02,2020,2,721,18264.3,-8.24946775122637,-0.14,0.0,-0.14,0,2.025,-0.02083333333332993,48.187313079834,-4.736663818359403,3.39035,1.875287126066305,2.25,0.0,257.99200024675,-5.948154405198647,50.617,-13.133884325089928,161.698428179546,-0.42415582713291045,2954.219970703125,-8.785953690838788,40.11000061035156,0,0
2020-03,2020,3,722,14463.96,-23.328829668890805,0.07,0.07,0.0,0,2.01875,-0.006250000000000089,21.8120803833008,-26.3752326965332,3.49136363636364,2.935922575154004,1.25,-1.0,235.080227254398,-9.300172919047345,29.2077272727273,-54.98541813552826,137.513514528,-16.201084618622374,2584.590087890625,-13.366772467037435,53.540000915527344,0,1
2020-04,2020,4,723,14779.28,2.1566161695171004,0.02,0.02,0.0,0,1.50833333333333,-0.5104166666666698,9.13705539703369,-12.67502498626711,3.3975,-2.725251960911401,0.25,-1.0,229.157836563294,-2.5515839684787878,16.8363636363636,-55.08922574791391,102.875343532707,-29.02042014398587,2912.429931640625,11.942083876017673,34.150001525878906,0,1
2020-05,2020,5,724,15580.85,5.281639622449319,-0.2,0.0,-0.2,0,1.52083333333333,0.012499999999999956,14.3369178771973,5.19986248016361,3.42115,0.6936884819474631,0.25,0.0,237.725063518376,3.6703801848043227,28.7971428571429,53.67351264577134,117.997641487312,13.714663855702014,3044.31005859375,4.42865329490969,27.510000228881836,0,1
2020-06,2020,6,725,16878.0,7.996840265684035,-0.72,0.0,-0.72,0,1.4,-0.12083333333333002,28.7822875976563,14.445369720459,3.47016666666667,1.4225871682366886,0.25,0.0,261.024061648713,9.349778268025322,38.3072727272727,28.536359072919293,139.382064668287,16.655419226248203,3100.2900390625,1.8221374356718556,30.43000030517578,0,1
2020-07,2020,7,726,17512.53,3.6905625987982305,-1.02,0.0,-1.02,0,1.45833333333333,0.05833333333333002,34.790210723877,6.007923126220703,3.51656818181818,1.3282942146624732,0.25,0.0,288.889969244938,10.143329306198812,40.704347826087,6.069514633620887,153.991673261532,9.967970208876142,3271.1201171875,5.363680163450546,24.459999084472656,0,1
2020-08,2020,8,727,18576.89,5.900171036744517,-1.19,0.0,-1.19,0,1.56666666666667,0.10833333333334005,38.1188125610352,3.328601837158196,3.56392857142857,1.3377902029388933,0.25,0.0,295.18720547811,2.156386355033213,42.3390476190476,3.9374858871366047,156.775163672638,1.7914169204095387,3500.31005859375,6.771908300435747,26.40999984741211,0,1
2020-09,2020,9,728,17948.78,-3.439618904056374,-1.02,0.0,-1.02,0,1.49375,-0.07291666666667007,46.5686274509804,8.449814889945202,3.55490909090909,-0.2533976970257479,0.25,0.0,304.469755464358,3.0962007065959973,39.6368181818182,-6.595133343337123,162.247835266957,3.431231310939875,3363.0,-4.001811998317706,26.3700008392334,0,1
2020-10,2020,10,729,17472.2,-2.69110996672115,-0.91,0.0,-0.91,0,1.61666666666667,0.12291666666667012,50.1628664495114,3.5942389985309973,3.59561363636364,1.1385177473240082,0.25,0.0,304.032656806895,-0.14366376330698927,39.3959090909091,-0.6096457641626696,170.514293400219,4.969411193420203,3269.9599609375,-2.8055692285555267,38.02000045776367,0,1
2020-11,2020,11,730,19796.51,12.48946131547175,-0.76,0.0,-0.76,0,1.68333333333333,0.06666666666665999,52.8052805280528,2.6424140785413996,3.6077619047619,0.3372940879230457,0.25,0.0,320.391731501704,5.240928871892692,41.3795238095238,4.9124183773280095,170.513324971153,-0.0005679475877151674,3621.6298828125,10.214642790660022,20.56999969482422,0,1
2020-12,2020,12,731,20822.15,5.05116644074004,-0.79,0.0,-0.79,0,1.8475,0.1641666666666699,49.5,-3.3052805280527977,3.60261904761905,-0.1426514923118294,0.25,0.0,351.917859003231,9.385338519957376,47.0752173913043,12.89605280038697,191.519405008399,11.617568913022946,3756.070068359375,3.6449047840592996,22.75,0,1
2021-01,2021,1,732,21110.22,1.3739959461517515,-0.84,0.0,-0.84,0,1.97708333333333,0.12958333333333005,41.1764705882353,-8.323529411764703,3.624575,0.6075945873908362,0.25,0.0,361.041166970931,2.5594194499734435,51.8457142857143,9.652558273577538,160.76619802336,-17.503801177368317,3714.239990234375,-1.1199137650889313,33.09000015258789,0,0
2021-02,2021,2,733,22530.22,6.510023574751678,-0.83,0.0,-0.83,0,2.10833333333333,0.13124999999999987,44.2176870748299,3.0412164865945996,3.645275,0.5694768376895532,0.25,0.0,383.750484990309,6.100057495716804,59.069,13.043397686252245,155.519403928155,-3.3180615411571246,3811.14990234375,2.5756876672536677,27.950000762939453,0,0
2021-03,2021,3,734,21372.03,-5.277446135425556,-0.86,0.0,-0.86,0,2.171875,0.06354166666667016,51.1824324324324,6.964745357602503,3.70815217391304,1.710187778147576,0.25,0.0,408.458943086612,6.239884001001439,62.3330434782609,5.378542598565161,164.834993571958,5.817442663187844,3972.889892578125,4.156280728254735,19.399999618530273,0,0
2021-04,2021,4,735,19562.77,-8.845478767826442,-0.83,0.0,-0.83,0,2.3,0.12812499999999982,39.7151898734177,-11.4672425590147,3.69945,-0.234952626016649,0.25,0.0,421.078302554279,3.042740547442069,61.7027272727273,-1.0163546008661761,164.492286036925,-0.20812588568253076,4181.169921875,5.109733046805509,18.610000610351562,0,0
2021-05,2021,5,736,21041.71,7.287838820917436,-0.7,0.0,-0.7,0,2.42708333333333,0.1270833333333301,44.8387096774194,5.1235198040017025,3.77354761904762,1.9831412042492502,0.25,0.0,461.376879023019,9.139642579737295,65.2238095238095,5.549644693172517,175.343695357749,6.388434560854783,4204.10986328125,0.5471492716724313,16.760000228881836,0,0
2021-06,2021,6,737,18850.91,-10.994546974038677,-0.46,0.0,-0.46,0,2.6,0.17291666666667016,39.4736842105263,-5.365025466893101,3.91030952380952,3.5600960969024875,0.25,0.0,436.012583786,-5.654412917377805,71.3781818181818,9.016766685392419,172.012929904623,-1.9178373469764587,4297.5,2.197087256612207,15.829999923706055,0,0
2021-07,2021,7,738,17671.77,-6.459273749661243,-0.3,0.0,-0.3,0,3.025,0.4249999999999998,42.9328621908127,3.4591779802863982,3.94005,0.7576880620908222,0.25,0.0,427.900487030073,-1.8780443218246567,72.6163636363636,1.7198045002233542,174.499180150954,1.435039550398276,4395.259765625,2.249317592225175,18.239999771118164,0,0
2021-08,2021,8,739,17653.54,-0.10321212534769586,-0.41,0.0,-0.41,0,3.07333333333333,0.04833333333333023,33.5640138408305,-9.368848349982201,4.08619047619048,3.6419698510957055,0.5,0.25,424.424318988801,-0.8156954463530042,67.7304545454545,-6.965436653006929,175.606368609873,0.6324904897231143,4522.68017578125,2.85781431597929,16.479999542236328,0,0
2021-09,2021,9,740,18279.15,3.48247361982299,-0.62,0.0,-0.62,0,3.6375,0.56416666666667,35.0,1.4359861591695022,4.10747727272727,0.5195925702672799,1.0,0.5,422.932618434239,-0.3520835269396727,71.5413636363636,5.473987047942863,178.522991745203,1.6472449966917324,4307.5400390625,-4.873779278283408,23.139999389648438,0,0
2021-10,2021,10,741,20737.77,12.619560928431817,-0.9,0.0,-0.9,0,3.61333333333333,-0.02416666666667,42.5182481751825,7.518248175182499,4.01505,-2.275923717697248,1.5,0.5,443.811538733549,4.818713813491193,81.4766666666667,13.004088586418128,178.646823045847,0.06934029723542068,4605.3798828125,6.685817528398985,16.260000228881836,0,0
2021-11,2021,11,742,20416.43,-1.5616706470499508,-1.23,0.0,-1.23,0,3.7125,0.09916666666666973,40.1079136690648,-2.4103345061176995,4.01959523809524,0.11314098993564503,2.0,0.5,442.954598408887,-0.19327318794069015,79.0722727272727,-2.9954401786325136,176.923593572592,-0.9692836548261141,4567.0,-0.8368625655204909,27.190000534057617,0,0
2021-12,2021,12,743,21111.73,3.34888413312342,-1.31,0.0,-1.31,0,3.675,-0.03750000000000009,41.2213740458015,1.1134603767366968,4.03697727272727,0.4315001591233436,2.5,0.5,433.319749994173,-2.1991370008440647,71.8065217391304,-9.638697495021109,195.423679290646,9.945195130000162,4766.18017578125,4.268864816139661,17.219999313354492,0,0
2022-01,2022,1,744,22943.81,8.321937316680383,-1.46,0.0,-1.46,0,3.72708333333333,0.05208333333333037,44.4816053511706,3.2602313053691034,3.88928571428572,-3.7270692348185364,3.0,0.5,443.247223988096,2.265177395356588,83.2504761904762,14.787854489939978,165.705479352297,-16.495792415092048,4515.5498046875,-5.401822999928463,24.829999923706055,0,0
2022-02,2022,2,745,23749.03,3.4493504190480806,-1.14,0.0,-1.14,0,3.75,0.022916666666669805,44.5205479452055,0.03894259403489997,3.7908,-2.5648441149809464,3.5,0.5,450.932050719019,1.718898248109646,91.622,9.581756866533997,163.05925121915,-1.609835262642978,4373.93994140625,-3.1862761021711705,30.149999618530273,0,0
2022-03,2022,3,746,24915.5,4.794841222266832,-1.24,0.0,-1.24,0,4.3875,0.6375000000000002,38.986013986014,-5.534533959191499,3.73878260869565,-1.3817025872290722,4.0,0.5,464.369133037125,2.9363116728839067,108.502608695652,16.91027984541238,171.273598108185,4.914862765378114,4530.41015625,3.5148286271523332,20.559999465942383,0,0
2022-04,2022,4,747,22818.9,-8.790095982229396,-1.26,0.0,-1.26,0,4.61666666666667,0.22916666666666963,34.9122807017544,-4.073733284259603,3.73973684210526,0.025519313577127,4.5,0.5,462.304581052218,-0.4455841078486955,102.018571428571,-6.1619346429225175,171.169961181518,-0.06052788964465705,4131.93017578125,-9.206782490742249,33.400001525878906,0,0
2022-05,2022,5,748,20719.04,-9.65360556701107,-1.51,0.0,-1.51,0,4.88541666666667,0.2687499999999998,36.0627177700348,1.1504370682804037,3.75754545454545,0.47506937125245674,5.0,0.5,425.633555273356,-8.264516301077052,109.798181818182,7.348910036522405,179.824800668156,4.932605935164869,4132.14990234375,0.005317629076095898,26.190000534057617,0,0
2022-06,2022,6,749,18388.82,-11.93102130212722,-1.44,0.0,-1.44,0,5.35,0.46458333333333,34.115523465704,-1.9471943043308002,3.74714285714286,-0.27722947664381437,5.5,0.5,411.475287869666,-3.3829812663013215,114.629545454545,4.306161488649618,178.434872205517,-0.7759374228220928,3785.3798828125,-8.765158180481869,28.709999084472656,0,0
2022-07,2022,7,750,19293.66,4.803367328410424,-1.09,0.0,-1.09,0,5.15625,-0.19374999999999964,34.2857142857143,0.17019082001029773,3.90218421052632,4.054280552153866,6.0,0.5,341.545335084434,-18.626854152471406,102.032380952381,-11.641536157000587,177.987942182027,-0.250786560058458,4130.2900390625,8.720138468971683,21.329999923706055,0,0
2022-08,2022,8,751,18853.05,-2.3101840015682384,-0.93,0.0,-0.93,0,5.1,-0.056250000000000355,35.5633802816901,1.277665995975802,3.87379545454545,-0.7301686303594623,6.5,0.5,361.802037639144,5.7616781884883395,93.6591304347826,-8.562830378479358,179.134712364663,0.642229838776931,3955.0,-4.336703066340597,25.8700008392334,0,0
2022-09,2022,9,752,19448.06,3.1072617640468536,-1.12,0.0,-1.12,0,4.89375,-0.20624999999999982,36.525974025974,0.9625937442839003,3.89770454545455,0.6153037725530996,6.75,0.25,350.840296578184,-3.0766080474069923,84.3959090909091,-10.414298949675338,182.374711989312,1.7925321784336923,3585.6201171875,-9.804916662099217,31.6200008392334,0,0
2022-10,2022,10,753,21095.21,8.129867833317661,-1.3,0.0,-1.3,0,4.78125,-0.11249999999999982,35.7394366197183,-0.7865374062557038,3.97871428571429,2.0570921549136756,7.0,0.25,345.692464989787,-1.4781574114984153,87.5547619047619,3.6745518000734556,183.291728001538,0.5015598011326894,3871.97998046875,7.68345644688555,25.8799991607666,0,0
2022-11,2022,11,754,22455.13,6.247309538705004,-1.1,0.0,-1.1,0,4.68333333333333,-0.09791666666666998,37.9310344827586,2.1915978630403004,3.87730952380952,-2.581723190750096,7.25,0.25,364.232611626193,5.224315615958819,84.0777272727273,-4.052275227138136,180.809032415482,-1.3637620870166955,4080.110107421875,5.235797609764958,20.579999923706055,0,0
2022-12,2022,12,755,21330.33,-5.138909234848121,-0.7,0.0,-0.7,0,4.3,-0.3833333333333302,42.3636363636364,4.4326018808778045,3.829175,-1.2492116118689278,7.5,0.25,379.288785659567,4.050517590725011,76.5795454545455,-9.341168520166221,197.935840561143,9.050153585258602,3839.5,-6.078182537666876,21.670000076293945,0,0
2023-01,2023,1,756,22416.72,4.967710546221227,-0.17,0.0,-0.17,0,4.62291666666666,0.32291666666665986,31.8840579710145,-10.479578392621903,3.83278571428571,0.09425040632915493,7.75,0.25,406.296087888575,6.8784291947540765,78.2963636363636,2.2171150024557384,164.747248759875,-18.353046685467955,4076.60009765625,5.992118183434947,19.399999618530273,0,0
2023-02,2023,2,757,21576.43,-3.8205593802972615,0.47,0.47,0.0,0,4.29166666666667,-0.33124999999999005,41.4855072463768,9.601449275362299,3.840875,0.21083258725949072,7.75,0.0,406.201039154537,-0.02339669429174407,76.8065,-1.921188850365052,162.489203079216,-1.380091678540829,3970.14990234375,-2.6459478859793606,20.700000762939453,0,0
2023-03,2023,3,758,21898.03,1.479516324823038,1.53,1.53,0.0,1,4.3,0.008333333333330195,42.9090909090909,1.4235836627141012,3.77960869565217,-1.6079720621550164,7.75,0.0,400.781399189704,-1.3432067890342125,73.2778260869565,-4.703121790701736,172.699133230943,6.093940923798513,4109.31005859375,3.4451292698264524,18.700000762939453,0,0
2023-04,2023,4,759,21822.57,-0.34519231177227994,2.11,2.11,0.0,1,4.25,-0.04999999999999982,43.9338235294118,1.024732620320897,3.76561111111111,-0.3710322815685396,7.75,0.0,399.896105812783,-0.22113615835488432,79.509,8.16121687180642,172.353130034136,-0.20055124954350134,4169.47998046875,1.4536177649562276,15.779999732971191,0,0
2023-05,2023,5,760,21178.83,-2.994265746646896,2.45,2.45,0.0,1,4.2125,-0.037499999999999645,44.5054945054945,0.5716709760827001,3.68870454545455,-2.0634837068734146,7.75,0.0,374.364581088165,-6.5974639568866955,71.6117391304348,-10.461120793672674,177.719176835292,3.0659192534665536,4179.830078125,0.2479271433271535,17.940000534057617,0,0
2023-06,2023,6,761,22329.75,5.291777223431282,2.57,2.57,0.0,1,3.825,-0.3875000000000002,42.7777777777778,-1.7277167277166967,3.65104761904762,-1.0261179390301356,7.75,0.0,380.392873482034,1.597445788741414,70.3190909090909,-1.8215689483835007,177.192993277921,-0.2965150181946541,4450.3798828125,6.271886491464329,13.59000015258789,0,0
2023-07,2023,7,762,23509.38,5.147962035899489,2.92,2.92,0.0,1,3.57291666666667,-0.2520833333333301,44.4852941176471,1.7075163398693007,3.6013,-1.3719253941256282,7.75,0.0,383.070640061564,0.7014814755552656,75.7666666666667,7.461511681098454,176.179873816439,-0.5734012606374961,4588.9599609375,3.0663950907703352,13.630000114440918,0,0
2023-08,2023,8,763,23133.53,-1.6116410198103281,2.9,2.9,0.0,1,3.35833333333333,-0.21458333333334023,44.0647482014389,-0.4205459162081979,3.69634090909091,2.6048495445734954,7.75,0.0,378.888668627061,-1.097699937196861,81.3860869565218,7.154589429924041,179.244835514059,1.7247183965778845,4507.66015625,-1.7875203842994125,13.569999694824219,0,0
2023-09,2023,9,764,22528.4,-2.6506344749614996,2.68,2.68,0.0,1,3.378125,0.019791666666669983,40.4059040590406,-3.6588441423983014,3.72966666666667,0.89754773234898,7.5,-0.25,375.159773053998,-0.9890414895651567,89.1902380952381,9.156725871332583,180.721017976619,0.8201837610349649,4288.0498046875,-4.994616792328266,17.520000457763672,0,0
2023-10,2023,10,765,21817.42,-3.2068002232467308,2.28,2.28,0.0,1,3.32916666666667,-0.04895833333332966,38.6973180076628,-1.7085860513778002,3.84440909090909,3.0301044521394482,7.25,-0.25,360.136881972864,-4.086780982499949,85.5118181818182,-4.211700446359412,182.041114444157,0.7278060065789127,4193.7998046875,-2.2224841001403206,18.139999389648438,0,0
2023-11,2023,11,766,21934.44,0.5349271050002713,2.01,2.01,0.0,1,3.14583333333333,-0.18333333333334023,37.5925925925926,-1.1047254150701988,3.76188095238095,-2.170082306922483,7.0,-0.25,370.906608191847,2.9466114092701723,77.5836363636363,-9.729805738935404,182.076781161936,0.019590752513654053,4567.7998046875,8.542444820075268,12.920000076293945,0,0
2023-12,2023,12,767,25960.01,16.849927272647136,1.67,1.67,0.0,1,2.825,-0.32083333333332975,41.1764705882353,3.5838779956426947,3.73368421052632,-0.7523615430608421,6.75,-0.25,381.203351453226,2.738266261439204,71.9661904761905,-7.516010133920137,196.064002329094,7.401267579360393,4769.830078125,4.327903543160794,12.449999809265137,0,0
2024-01,2024,1,768,26934.0,3.683215198402401,1.34,1.34,0.0,1,2.6375,-0.1875,43.8432835820895,2.666812993854201,3.73980952380952,0.16392104877598346,6.5,-0.25,378.750618773954,-0.6454973042559153,74.0013043478261,2.7886287359997652,167.763729071427,-15.588453346699715,4845.64990234375,1.5770693886427267,14.350000381469727,0,0
2024-02,2024,2,769,28231.83,4.70606357911425,0.88,0.88,0.0,0,2.64583333333333,0.008333333333329751,47.1774193548387,3.3341357727491996,3.82730952380952,2.312740147397596,6.25,-0.25,376.968742642759,-0.47157173000442754,77.3633333333333,4.443021943609082,167.627777899434,-0.08107013839850907,5096.27001953125,5.042752831277042,13.399999618530273,0,0
2024-03,2024,3,770,28366.99,0.4776080382141501,0.38,0.38,0.0,0,2.55625,-0.08958333333333002,50.8,3.6225806451612996,3.70955263157895,-3.1250797272388775,6.25,0.0,393.635022459929,4.326186779787289,81.4057142857143,5.093253180789237,171.991601943114,2.5699736137786644,5254.35009765625,3.054742011174305,13.010000228881836,0,0
2024-04,2024,4,771,29184.35,2.8406461491679025,-0.38,0.0,-0.38,0,2.61666666666667,0.060416666666669894,50.0,-0.7999999999999972,3.71315909090909,0.09717364081387458,6.0,-0.25,428.56232255724,8.501202995608104,85.3472727272727,4.728302412886443,181.884033744884,5.592365705790137,5035.68994140625,-4.250577768147856,15.649999618530273,0,0
2024-05,2024,5,772,30220.4,3.488458633155389,-0.78,0.0,-0.78,0,2.55833333333333,-0.05833333333333979,47.5285171102662,-2.4714828897337995,3.73097727272727,0.4787181474438684,5.75,-0.25,458.925043106757,6.845072094379567,79.9573913043479,-6.523461065181291,187.861455834207,3.233544733906779,5277.509765625,4.690380530436045,12.920000076293945,0,0
2024-06,2024,6,773,29895.87,-1.0796849258452923,-0.97,0.0,-0.97,0,2.525,-0.033333333333330106,50.3703703703704,2.8418532601042017,3.78463157894737,1.4278342266768718,5.75,0.0,437.335623793388,-4.818597379190859,79.9125,-0.0561597998991914,177.84964450269,-5.476625457413586,5460.47998046875,3.4082343238882373,12.4399995803833,0,0
2024-07,2024,7,774,29537.12,-1.2072566337758772,-0.72,0.0,-0.72,0,2.48541666666667,-0.03958333333332975,51.1363636363636,0.7659932659931954,3.7644,-0.5360059015233842,5.75,0.0,426.084955193297,-2.606216643149306,81.9478260869565,2.5150491435272926,184.739893585405,3.8010355608589563,5522.2998046875,1.1257710402409415,16.360000610351562,0,0
2024-08,2024,8,775,28441.73,-3.779034452601593,-0.65,0.0,-0.65,0,2.44166666666667,-0.04375000000000018,51.9305019305019,0.7941382941382997,3.741325,-0.6148659242847909,5.5,-0.25,406.81050641667,-4.629126089930047,76.6831818181818,-6.640036545175398,186.36135917895,0.8738725078925036,5648.39990234375,2.2577897117514567,15.0,0,0
2024-09,2024,9,776,29942.23,5.141242561360215,-0.5,0.0,-0.5,0,2.425,-0.01666666666667016,51.7716535433071,-0.15884838719479433,3.76821428571429,0.7161398219150072,5.25,-0.25,419.777062976675,3.1376277091582416,70.44,-8.49211284483582,187.029143584624,0.35768725380096456,5762.47998046875,1.9995632287754361,16.729999542236328,0,0
2024-10,2024,10,777,30470.47,1.7488159371115586,-0.34,0.0,-0.34,0,2.45416666666667,0.029166666666670338,51.7374517374517,-0.03420180585540322,3.75359090909091,-0.38882674220948044,5.25,0.0,432.692612805238,3.030380684527767,72.164347826087,2.4184842890059954,189.015297801315,1.0563499774155716,5705.4501953125,-0.9946041598549726,23.15999984741211,0,0
2024-11,2024,11,778,29485.3,-3.2866183821067096,-0.1,0.0,-0.1,0,2.44583333333333,-0.008333333333339965,50.5769230769231,-1.1605286605285983,3.77885,0.6706772982372211,5.0,-0.25,411.625360017887,-4.991395943867083,69.9414285714286,-3.128796942045309,190.055398147607,0.5487646328564466,6032.3798828125,5.571971402949671,13.510000228881836,0,0
2024-12,2024,12,779,28960.95,-1.7943463218907496,-0.11,0.0,-0.11,0,2.45,0.0041666666666699825,50.0,-0.5769230769231015,3.73489473684211,-1.1700095258505794,5.0,0.0,404.306470331104,-1.7940435016332579,70.09,0.2121973414620726,205.997040254343,8.05462021286214,5881.6298828125,-2.530769218774509,17.350000381469727,0,0
2025-01,2025,1,780,28984.27,0.08048981869102079,0.0,0.0,0.0,0,2.36979166666667,-0.0802083333333301,52.5925925925926,2.5925925925926023,3.74775,0.34360246297173713,4.75,-0.25,406.680076198312,0.5853642467982922,75.6452173913044,7.627408751617359,175.149836073771,-16.22199872650354,6040.52978515625,2.6657806419668972,16.43000030517578,0,0
2025-02,2025,2,781,28546.83,-1.5207372371380146,0.45,0.45,0.0,0,2.275,-0.09479166666667016,54.5454545454545,1.9528619528618947,3.6977,-1.3444655168554975,4.75,0.0,423.175165976027,3.975937451743583,71.509,-5.6230902124053905,172.37391304698,-1.5975783376689812,5954.5,-1.4344484648482592,19.6299991607666,0,0
2025-03,2025,3,782,30089.72,5.2637688519162396,0.72,0.72,0.0,0,2.275,0.0,53.9344262295082,-0.6110283159462995,3.65259523809524,-1.2273065669553551,4.75,0.0,441.393979566908,4.2151657034107615,68.2390476190476,-4.680636916287462,180.203241529788,4.441930317675791,5611.85009765625,-5.926678538017782,22.280000686645508,0,0
2025-04,2025,4,783,30107.15,0.05790998929722235,0.46,0.46,0.0,0,2.2875,0.012500000000000178,52.1311475409836,-1.8032786885245997,3.6997,1.2813796209670825,4.75,0.0,416.584391195284,-5.784879332633874,63.6063636363636,-7.030342422525937,184.247932889231,2.219697842810131,5569.06005859375,-0.7654161847847618,24.700000762939453,0,0
2025-05,2025,5,784,31315.52,3.935113622560138,0.18,0.18,0.0,0,2.26666666666667,-0.02083333333332993,53.9655172413793,1.8343697003957047,3.66014285714286,-1.074955662405741,4.5,-0.25,432.080756134859,3.6523445272303334,62.2004545454545,-2.235121499305226,191.660772020334,3.944468502765286,5911.68994140625,5.970544763775365,18.56999969482422,0,0
2025-06,2025,6,785,32725.65,4.404535278900923,0.11,0.11,0.0,0,2.275,0.008333333333329751,52.9032258064516,-1.062291434927701,3.60390476190476,-1.5484264925470281,4.5,0.0,446.050861278393,3.182047798772647,68.5366666666667,9.700657433923432,186.635508640391,-2.6569433848966817,6204.9501953125,4.841565544762005,16.729999542236328,0,0
2025-07,2025,7,786,33440.29,2.1602286338541887,0.17,0.17,0.0,0,2.19166666666667,-0.08333333333332993,54.5454545454545,1.6422287390028956,3.5562,-1.332535469261109,4.5,0.0,443.532484485297,-0.5661939452522802,68.3795652173913,-0.2294856001508805,191.299345383626,2.46818913734419,6339.39013671875,2.1435178792463816,16.719999313354492,0,0
2025-08,2025,8,787,34937.73,4.3805873650205385,-0.01,0.0,-0.01,0,2.18333333333333,-0.008333333333339965,54.4326241134752,-0.11283043197929743,3.5432,-0.36622854128589566,4.5,0.0,437.522244656037,-1.3643495373215409,64.8642857142857,-5.277685078036853,192.259688760132,0.5007549283308599,6460.259765625,1.8886957507387336,15.359999656677246,0,0
2025-09,2025,9,788,38054.76,8.545884096015044,-0.22,0.0,-0.22,0,2.1625,-0.02083333333332993,55.6313993174061,1.1987752039309,3.50281818181818,-1.146243432171845,4.25,-0.25,451.448119634049,3.1332910141720127,63.9772727272727,-1.376926842499504,195.244586662391,1.5406059387265358,6688.4599609375,3.4714119098081753,16.280000686645508,0,0
2025-10,2025,10,789,38599.28,1.4207448409020884,-0.42,0.0,-0.42,0,2.19166666666667,0.029166666666669894,55.8922558922559,0.26085657484980374,3.41409090909091,-2.5656586965528305,4.25,0.0,485.163389830551,7.202526087769634,60.8447826086956,-5.0201832743629105,196.909184390464,0.8489566331431497,6840.2001953125,2.2433352045496235,17.440000534057617,0,0
2025-11,2025,11,790,38978.53,0.9777358274236647,-0.5,0.0,-0.5,0,2.1625,-0.029166666666669894,58.17843866171,2.2861827694540935,3.37285,-1.2153168046456386,4.25,0.0,489.914917863946,0.9746018563054903,60.0435,-1.3256774375341784,193.075763031832,-1.9659963061691599,6849.08984375,0.12987743939572027,16.350000381469727,0,0
2025-12,2025,12,791,43464.77,10.893974318177158,-0.51,0.0,-0.51,0,2.125,-0.03750000000000009,55.3082191780822,-2.8702194836277997,3.36673684210526,-0.18141051416000753,4.25,0.0,537.182546622127,9.210623557123299,58.0047826086957,-3.4543833619060216,214.526622670965,10.535117923801707,6845.5,-0.0524271828975742,14.949999809265137,0,0
2026-01,2026,1,792,52927.0,19.696288072836055,-0.06,0.0,-0.06,0,2.025,-0.10000000000000009,56.5298507462687,1.2216315681865026,3.35675,-0.29707351808678784,4.25,0.0,592.495761158643,9.800574423416819,59.8818181818182,3.1847456930779394,181.727823593049,-16.59237527077506,6939.02978515625,1.3570462244290482,17.440000534057617,0,0
2026-02,2026,2,793,57528.69,8.33701742561832,0.42,0.42,0.0,0,2.1375,0.11250000000000027,50.1893939393939,-6.340456806874798,3.356975,0.006702687407789121,4.25,0.0,588.21065337895,-0.7258581034264466,64.4355,7.329180061986662,178.717924011079,-1.6701373594968594,6878.8798828125,-0.8706133376069403,19.860000610351562,0,0
2026-03,2026,3,794,52502.51,-9.142280190908103,0.96,0.96,0.0,0,2.51875,0.38124999999999964,52.0220588235294,1.8326648841354967,3.44677272727273,2.6398081029963993,4.25,0.0,566.944077989914,-3.6824466806849365,91.3836363636364,34.94017057429923,186.092156982542,4.043329927783557,6528.52001953125,-5.227555661610062,25.25,0,0
2026-04,2026,4,795,51296.62,-2.3236114912034367,1.34,1.34,0.0,1,2.81666666666667,0.29791666666667016,44.589552238806,-7.432506584723399,3.442675,-0.11895663972374404,4.25,0.0,581.673459459889,2.564855307481295,100.903636363636,9.90995367818428,191.263933498313,2.741230628828628,7209.009765625,9.91513257212322,16.889999389648438,0,0
2026-05,2026,5,796,55033.6,7.031904472787254,1.98,1.98,0.0,1,2.89166666666667,0.07500000000000018,46.2121212121212,1.6225689733151967,3.434825,-0.22828072436202884,4.25,0.0,611.432800983067,4.989583293750766,102.049047619048,1.1287590725921781,195.817894165455,2.3530790992245976,7580.06005859375,5.01895228551934,15.319999694824219,0,0
